Fecha,Consumo_kWh
2018-01-01 00:00:00,0.486
2018-01-01 01:00:00,0.403
2018-01-01 02:00:00,0.344
2018-01-01 03:00:00,0.308
2018-01-01 04:00:00,0.28800000000000003
2018-01-01 05:00:00,0.282
2018-01-01 06:00:00,0.29
2018-01-01 07:00:00,0.311
2018-01-01 08:00:00,0.362
2018-01-01 09:00:00,0.4605
2018-01-01 10:00:00,0.5589999999999999
2018-01-01 11:00:00,0.612
2018-01-01 12:00:00,0.634
2018-01-01 13:00:00,0.6559999999999999
2018-01-01 14:00:00,0.652
2018-01-01 15:00:00,0.59
2018-01-01 16:00:00,0.56
2018-01-01 17:00:00,0.5720000000000001
2018-01-01 18:00:00,0.65
2018-01-01 19:00:00,0.7090000000000001
2018-01-01 20:00:00,0.754
2018-01-01 21:00:00,0.76
2018-01-01 22:00:00,0.672
2018-01-01 23:00:00,0.552
2018-01-02 00:00:00,0.43
2018-01-02 01:00:00,0.337
2018-01-02 02:00:00,0.29600000000000004
2018-01-02 03:00:00,0.277
2018-01-02 04:00:00,0.272
2018-01-02 05:00:00,0.282
2018-01-02 06:00:00,0.334
2018-01-02 07:00:00,0.462
2018-01-02 08:00:00,0.573
2018-01-02 09:00:00,0.637
2018-01-02 10:00:00,0.6940000000000001
2018-01-02 11:00:00,0.6990000000000001
2018-01-02 12:00:00,0.7020000000000001
2018-01-02 13:00:00,0.713
2018-01-02 14:00:00,0.6829999999999999
2018-01-02 15:00:00,0.654
2018-01-02 16:00:00,0.654
2018-01-02 17:00:00,0.6920000000000001
2018-01-02 18:00:00,0.765
2018-01-02 19:00:00,0.818
2018-01-02 20:00:00,0.84
2018-01-02 21:00:00,0.8190000000000001
2018-01-02 22:00:00,0.7170000000000001
2018-01-02 23:00:00,0.578
2018-01-03 00:00:00,0.491
2018-01-03 01:00:00,0.386
2018-01-03 02:00:00,0.338
2018-01-03 03:00:00,0.317
2018-01-03 04:00:00,0.311
2018-01-03 05:00:00,0.322
2018-01-03 06:00:00,0.381
2018-01-03 07:00:00,0.528
2018-01-03 08:00:00,0.655
2018-01-03 09:00:00,0.727
2018-01-03 10:00:00,0.792
2018-01-03 11:00:00,0.7979999999999999
2018-01-03 12:00:00,0.8009999999999999
2018-01-03 13:00:00,0.813
2018-01-03 14:00:00,0.779
2018-01-03 15:00:00,0.746
2018-01-03 16:00:00,0.746
2018-01-03 17:00:00,0.789
2018-01-03 18:00:00,0.872
2018-01-03 19:00:00,0.932
2018-01-03 20:00:00,0.957
2018-01-03 21:00:00,0.933
2018-01-03 22:00:00,0.816
2018-01-03 23:00:00,0.659
2018-01-04 00:00:00,0.494
2018-01-04 01:00:00,0.387
2018-01-04 02:00:00,0.34
2018-01-04 03:00:00,0.318
2018-01-04 04:00:00,0.312
2018-01-04 05:00:00,0.324
2018-01-04 06:00:00,0.383
2018-01-04 07:00:00,0.53
2018-01-04 08:00:00,0.657
2018-01-04 09:00:00,0.73
2018-01-04 10:00:00,0.795
2018-01-04 11:00:00,0.8009999999999999
2018-01-04 12:00:00,0.804
2018-01-04 13:00:00,0.816
2018-01-04 14:00:00,0.782
2018-01-04 15:00:00,0.7490000000000001
2018-01-04 16:00:00,0.7490000000000001
2018-01-04 17:00:00,0.7929999999999999
2018-01-04 18:00:00,0.8759999999999999
2018-01-04 19:00:00,0.936
2018-01-04 20:00:00,0.961
2018-01-04 21:00:00,0.937
2018-01-04 22:00:00,0.82
2018-01-04 23:00:00,0.662
2018-01-05 00:00:00,0.742
2018-01-05 01:00:00,0.718
2018-01-05 02:00:00,0.438
2018-01-05 03:00:00,0.397
2018-01-05 04:00:00,0.294
2018-01-05 05:00:00,0.236
2018-01-05 06:00:00,0.667
2018-01-05 07:00:00,0.469
2018-01-05 08:00:00,0.364
2018-01-05 09:00:00,0.387
2018-01-05 10:00:00,0.507
2018-01-05 11:00:00,0.311
2018-01-05 12:00:00,0.633
2018-01-05 13:00:00,1.084
2018-01-05 14:00:00,1.485
2018-01-05 15:00:00,1.271
2018-01-05 16:00:00,0.7340000000000001
2018-01-05 17:00:00,0.6829999999999999
2018-01-05 18:00:00,0.777
2018-01-05 19:00:00,1.031
2018-01-05 20:00:00,0.748
2018-01-05 21:00:00,0.606
2018-01-05 22:00:00,0.629
2018-01-05 23:00:00,0.9
2018-01-06 00:00:00,0.626
2018-01-06 01:00:00,0.5670000000000001
2018-01-06 02:00:00,0.459
2018-01-06 03:00:00,0.5870000000000001
2018-01-06 04:00:00,0.422
2018-01-06 05:00:00,0.413
2018-01-06 06:00:00,0.385
2018-01-06 07:00:00,0.358
2018-01-06 08:00:00,0.43
2018-01-06 09:00:00,0.359
2018-01-06 10:00:00,0.479
2018-01-06 11:00:00,0.6920000000000001
2018-01-06 12:00:00,1.214
2018-01-06 13:00:00,0.8590000000000001
2018-01-06 14:00:00,1.59
2018-01-06 15:00:00,0.524
2018-01-06 16:00:00,1.0590000000000002
2018-01-06 17:00:00,1.04
2018-01-06 18:00:00,0.648
2018-01-06 19:00:00,0.7020000000000001
2018-01-06 20:00:00,0.94
2018-01-06 21:00:00,0.775
2018-01-06 22:00:00,1.609
2018-01-06 23:00:00,1.7380000000000002
2018-01-07 00:00:00,1.854
2018-01-07 01:00:00,1.664
2018-01-07 02:00:00,0.446
2018-01-07 03:00:00,0.434
2018-01-07 04:00:00,0.615
2018-01-07 05:00:00,0.274
2018-01-07 06:00:00,0.282
2018-01-07 07:00:00,0.515
2018-01-07 08:00:00,0.28800000000000003
2018-01-07 09:00:00,0.294
2018-01-07 10:00:00,0.586
2018-01-07 11:00:00,0.35700000000000004
2018-01-07 12:00:00,0.43
2018-01-07 13:00:00,0.322
2018-01-07 14:00:00,1.257
2018-01-07 15:00:00,0.378
2018-01-07 16:00:00,1.198
2018-01-07 17:00:00,1.653
2018-01-07 18:00:00,0.7909999999999999
2018-01-07 19:00:00,0.465
2018-01-07 20:00:00,0.684
2018-01-07 21:00:00,0.595
2018-01-07 22:00:00,1.534
2018-01-07 23:00:00,1.961
2018-01-08 00:00:00,1.636
2018-01-08 01:00:00,0.292
2018-01-08 02:00:00,0.241
2018-01-08 03:00:00,0.298
2018-01-08 04:00:00,0.103
2018-01-08 05:00:00,0.107
2018-01-08 06:00:00,0.782
2018-01-08 07:00:00,0.278
2018-01-08 08:00:00,0.124
2018-01-08 09:00:00,0.199
2018-01-08 10:00:00,2.29
2018-01-08 11:00:00,3.519
2018-01-08 12:00:00,2.6460000000000004
2018-01-08 13:00:00,2.39
2018-01-08 14:00:00,1.222
2018-01-08 15:00:00,1.2
2018-01-08 16:00:00,0.57
2018-01-08 17:00:00,0.8320000000000001
2018-01-08 18:00:00,1.0590000000000002
2018-01-08 19:00:00,1.054
2018-01-08 20:00:00,0.446
2018-01-08 21:00:00,1.182
2018-01-08 22:00:00,2.076
2018-01-08 23:00:00,2.064
2018-01-09 00:00:00,0.989
2018-01-09 01:00:00,0.297
2018-01-09 02:00:00,0.26
2018-01-09 03:00:00,0.43
2018-01-09 04:00:00,0.278
2018-01-09 05:00:00,0.238
2018-01-09 06:00:00,0.52
2018-01-09 07:00:00,0.303
2018-01-09 08:00:00,1.074
2018-01-09 09:00:00,1.16
2018-01-09 10:00:00,2.737
2018-01-09 11:00:00,2.039
2018-01-09 12:00:00,1.395
2018-01-09 13:00:00,0.847
2018-01-09 14:00:00,1.435
2018-01-09 15:00:00,0.745
2018-01-09 16:00:00,0.3
2018-01-09 17:00:00,0.473
2018-01-09 18:00:00,0.365
2018-01-09 19:00:00,0.57
2018-01-09 20:00:00,0.821
2018-01-09 21:00:00,2.05
2018-01-09 22:00:00,2.436
2018-01-09 23:00:00,1.754
2018-01-10 00:00:00,0.519
2018-01-10 01:00:00,0.407
2018-01-10 02:00:00,0.35700000000000004
2018-01-10 03:00:00,0.334
2018-01-10 04:00:00,0.328
2018-01-10 05:00:00,0.34
2018-01-10 06:00:00,0.402
2018-01-10 07:00:00,0.5579999999999999
2018-01-10 08:00:00,0.691
2018-01-10 09:00:00,0.767
2018-01-10 10:00:00,0.836
2018-01-10 11:00:00,0.841
2018-01-10 12:00:00,0.845
2018-01-10 13:00:00,0.857
2018-01-10 14:00:00,0.8220000000000001
2018-01-10 15:00:00,0.787
2018-01-10 16:00:00,0.7879999999999999
2018-01-10 17:00:00,0.833
2018-01-10 18:00:00,0.92
2018-01-10 19:00:00,0.983
2018-01-10 20:00:00,1.01
2018-01-10 21:00:00,0.985
2018-01-10 22:00:00,0.861
2018-01-10 23:00:00,0.695
2018-01-11 00:00:00,0.29600000000000004
2018-01-11 01:00:00,0.24
2018-01-11 02:00:00,0.236
2018-01-11 03:00:00,0.456
2018-01-11 04:00:00,0.159
2018-01-11 05:00:00,0.123
2018-01-11 06:00:00,0.433
2018-01-11 07:00:00,0.597
2018-01-11 08:00:00,0.135
2018-01-11 09:00:00,0.096
2018-01-11 10:00:00,0.095
2018-01-11 11:00:00,0.341
2018-01-11 12:00:00,0.116
2018-01-11 13:00:00,0.093
2018-01-11 14:00:00,0.095
2018-01-11 15:00:00,0.5710000000000001
2018-01-11 16:00:00,0.76
2018-01-11 17:00:00,0.987
2018-01-11 18:00:00,1.207
2018-01-11 19:00:00,1.391
2018-01-11 20:00:00,1.291
2018-01-11 21:00:00,1.109
2018-01-11 22:00:00,1.061
2018-01-11 23:00:00,1.037
2018-01-12 00:00:00,0.5429999999999999
2018-01-12 01:00:00,0.428
2018-01-12 02:00:00,0.373
2018-01-12 03:00:00,0.348
2018-01-12 04:00:00,0.341
2018-01-12 05:00:00,0.35200000000000004
2018-01-12 06:00:00,0.416
2018-01-12 07:00:00,0.5720000000000001
2018-01-12 08:00:00,0.711
2018-01-12 09:00:00,0.789
2018-01-12 10:00:00,0.8640000000000001
2018-01-12 11:00:00,0.8740000000000001
2018-01-12 12:00:00,0.8759999999999999
2018-01-12 13:00:00,0.885
2018-01-12 14:00:00,0.851
2018-01-12 15:00:00,0.82
2018-01-12 16:00:00,0.8190000000000001
2018-01-12 17:00:00,0.857
2018-01-12 18:00:00,0.932
2018-01-12 19:00:00,0.981
2018-01-12 20:00:00,0.988
2018-01-12 21:00:00,0.975
2018-01-12 22:00:00,0.8759999999999999
2018-01-12 23:00:00,0.7390000000000001
2018-01-13 00:00:00,1.638
2018-01-13 01:00:00,0.3670000000000001
2018-01-13 02:00:00,0.239
2018-01-13 03:00:00,0.235
2018-01-13 04:00:00,0.31
2018-01-13 05:00:00,0.158
2018-01-13 06:00:00,0.127
2018-01-13 07:00:00,0.14400000000000002
2018-01-13 08:00:00,0.379
2018-01-13 09:00:00,0.282
2018-01-13 10:00:00,0.423
2018-01-13 11:00:00,1.138
2018-01-13 12:00:00,0.369
2018-01-13 13:00:00,4.024
2018-01-13 14:00:00,5.191
2018-01-13 15:00:00,2.9210000000000003
2018-01-13 16:00:00,4.34
2018-01-13 17:00:00,4.238
2018-01-13 18:00:00,3.063
2018-01-13 19:00:00,3.362
2018-01-13 20:00:00,3.414
2018-01-13 21:00:00,4.3580000000000005
2018-01-13 22:00:00,3.726
2018-01-13 23:00:00,1.823
2018-01-14 00:00:00,1.4
2018-01-14 01:00:00,0.913
2018-01-14 02:00:00,0.395
2018-01-14 03:00:00,0.551
2018-01-14 04:00:00,0.48
2018-01-14 05:00:00,0.3720000000000001
2018-01-14 06:00:00,0.334
2018-01-14 07:00:00,0.379
2018-01-14 08:00:00,0.333
2018-01-14 09:00:00,0.467
2018-01-14 10:00:00,1.324
2018-01-14 11:00:00,1.449
2018-01-14 12:00:00,2.635
2018-01-14 13:00:00,2.339
2018-01-14 14:00:00,3.06
2018-01-14 15:00:00,1.425
2018-01-14 16:00:00,1.278
2018-01-14 17:00:00,0.537
2018-01-14 18:00:00,0.6859999999999999
2018-01-14 19:00:00,0.6809999999999999
2018-01-14 20:00:00,0.868
2018-01-14 21:00:00,1.317
2018-01-14 22:00:00,1.504
2018-01-14 23:00:00,1.506
2018-01-15 00:00:00,0.937
2018-01-15 01:00:00,0.363
2018-01-15 02:00:00,0.362
2018-01-15 03:00:00,0.363
2018-01-15 04:00:00,0.623
2018-01-15 05:00:00,0.362
2018-01-15 06:00:00,0.58
2018-01-15 07:00:00,0.382
2018-01-15 08:00:00,0.534
2018-01-15 09:00:00,0.355
2018-01-15 10:00:00,0.499
2018-01-15 11:00:00,0.466
2018-01-15 12:00:00,0.629
2018-01-15 13:00:00,0.412
2018-01-15 14:00:00,0.462
2018-01-15 15:00:00,0.715
2018-01-15 16:00:00,1.119
2018-01-15 17:00:00,0.878
2018-01-15 18:00:00,0.973
2018-01-15 19:00:00,0.585
2018-01-15 20:00:00,0.799
2018-01-15 21:00:00,1.5619999999999998
2018-01-15 22:00:00,1.426
2018-01-15 23:00:00,1.176
2018-01-16 00:00:00,0.695
2018-01-16 01:00:00,0.401
2018-01-16 02:00:00,0.366
2018-01-16 03:00:00,0.358
2018-01-16 04:00:00,0.35600000000000004
2018-01-16 05:00:00,0.557
2018-01-16 06:00:00,0.617
2018-01-16 07:00:00,0.425
2018-01-16 08:00:00,0.4320000000000001
2018-01-16 09:00:00,0.611
2018-01-16 10:00:00,0.414
2018-01-16 11:00:00,0.426
2018-01-16 12:00:00,0.41
2018-01-16 13:00:00,0.47
2018-01-16 14:00:00,0.78
2018-01-16 15:00:00,0.6759999999999999
2018-01-16 16:00:00,0.895
2018-01-16 17:00:00,0.8959999999999999
2018-01-16 18:00:00,0.782
2018-01-16 19:00:00,1.002
2018-01-16 20:00:00,2.188
2018-01-16 21:00:00,2.022
2018-01-16 22:00:00,0.652
2018-01-16 23:00:00,0.5710000000000001
2018-01-17 00:00:00,0.43
2018-01-17 01:00:00,0.37
2018-01-17 02:00:00,0.365
2018-01-17 03:00:00,0.565
2018-01-17 04:00:00,0.383
2018-01-17 05:00:00,0.373
2018-01-17 06:00:00,0.487
2018-01-17 07:00:00,0.634
2018-01-17 08:00:00,0.239
2018-01-17 09:00:00,0.127
2018-01-17 10:00:00,0.153
2018-01-17 11:00:00,0.16399999999999998
2018-01-17 12:00:00,0.236
2018-01-17 13:00:00,0.097
2018-01-17 14:00:00,0.145
2018-01-17 15:00:00,0.435
2018-01-17 16:00:00,0.578
2018-01-17 17:00:00,0.341
2018-01-17 18:00:00,0.389
2018-01-17 19:00:00,0.407
2018-01-17 20:00:00,0.457
2018-01-17 21:00:00,0.5710000000000001
2018-01-17 22:00:00,1.295
2018-01-17 23:00:00,0.8859999999999999
2018-01-18 00:00:00,1.03
2018-01-18 01:00:00,0.247
2018-01-18 02:00:00,0.245
2018-01-18 03:00:00,0.293
2018-01-18 04:00:00,0.263
2018-01-18 05:00:00,0.329
2018-01-18 06:00:00,0.3670000000000001
2018-01-18 07:00:00,0.333
2018-01-18 08:00:00,0.4
2018-01-18 09:00:00,0.354
2018-01-18 10:00:00,0.098
2018-01-18 11:00:00,0.13699999999999998
2018-01-18 12:00:00,0.197
2018-01-18 13:00:00,0.442
2018-01-18 14:00:00,0.518
2018-01-18 15:00:00,0.438
2018-01-18 16:00:00,0.382
2018-01-18 17:00:00,0.267
2018-01-18 18:00:00,0.518
2018-01-18 19:00:00,0.334
2018-01-18 20:00:00,0.447
2018-01-18 21:00:00,0.71
2018-01-18 22:00:00,0.627
2018-01-18 23:00:00,0.474
2018-01-19 00:00:00,0.264
2018-01-19 01:00:00,0.234
2018-01-19 02:00:00,0.5
2018-01-19 03:00:00,0.287
2018-01-19 04:00:00,0.13
2018-01-19 05:00:00,0.11
2018-01-19 06:00:00,0.341
2018-01-19 07:00:00,0.51
2018-01-19 08:00:00,0.35200000000000004
2018-01-19 09:00:00,0.272
2018-01-19 10:00:00,0.6940000000000001
2018-01-19 11:00:00,0.474
2018-01-19 12:00:00,0.36
2018-01-19 13:00:00,1.953
2018-01-19 14:00:00,1.164
2018-01-19 15:00:00,1.023
2018-01-19 16:00:00,2.031
2018-01-19 17:00:00,0.852
2018-01-19 18:00:00,0.556
2018-01-19 19:00:00,0.511
2018-01-19 20:00:00,0.363
2018-01-19 21:00:00,1.917
2018-01-19 22:00:00,2.471
2018-01-19 23:00:00,0.597
2018-01-20 00:00:00,0.505
2018-01-20 01:00:00,0.36
2018-01-20 02:00:00,0.249
2018-01-20 03:00:00,0.284
2018-01-20 04:00:00,0.28300000000000003
2018-01-20 05:00:00,0.285
2018-01-20 06:00:00,0.131
2018-01-20 07:00:00,0.354
2018-01-20 08:00:00,0.337
2018-01-20 09:00:00,1.119
2018-01-20 10:00:00,0.596
2018-01-20 11:00:00,1.413
2018-01-20 12:00:00,2.622
2018-01-20 13:00:00,1.639
2018-01-20 14:00:00,2.8760000000000003
2018-01-20 15:00:00,0.7040000000000001
2018-01-20 16:00:00,2.826
2018-01-20 17:00:00,2.3480000000000003
2018-01-20 18:00:00,0.764
2018-01-20 19:00:00,0.857
2018-01-20 20:00:00,0.6579999999999999
2018-01-20 21:00:00,1.029
2018-01-20 22:00:00,0.6659999999999999
2018-01-20 23:00:00,0.735
2018-01-21 00:00:00,0.973
2018-01-21 01:00:00,0.807
2018-01-21 02:00:00,0.6890000000000001
2018-01-21 03:00:00,0.616
2018-01-21 04:00:00,0.5770000000000001
2018-01-21 05:00:00,0.565
2018-01-21 06:00:00,0.5820000000000001
2018-01-21 07:00:00,0.624
2018-01-21 08:00:00,0.727
2018-01-21 09:00:00,0.925
2018-01-21 10:00:00,1.123
2018-01-21 11:00:00,1.23
2018-01-21 12:00:00,1.273
2018-01-21 13:00:00,1.317
2018-01-21 14:00:00,1.307
2018-01-21 15:00:00,1.1840000000000002
2018-01-21 16:00:00,1.124
2018-01-21 17:00:00,1.146
2018-01-21 18:00:00,1.3019999999999998
2018-01-21 19:00:00,1.421
2018-01-21 20:00:00,1.511
2018-01-21 21:00:00,1.524
2018-01-21 22:00:00,1.347
2018-01-21 23:00:00,1.106
2018-01-22 00:00:00,2.454
2018-01-22 01:00:00,0.421
2018-01-22 02:00:00,0.366
2018-01-22 03:00:00,0.37
2018-01-22 04:00:00,0.359
2018-01-22 05:00:00,0.359
2018-01-22 06:00:00,1.242
2018-01-22 07:00:00,0.7909999999999999
2018-01-22 08:00:00,0.988
2018-01-22 09:00:00,0.281
2018-01-22 10:00:00,0.284
2018-01-22 11:00:00,0.279
2018-01-22 12:00:00,0.277
2018-01-22 13:00:00,0.263
2018-01-22 14:00:00,0.233
2018-01-22 15:00:00,1.082
2018-01-22 16:00:00,1.2990000000000002
2018-01-22 17:00:00,0.489
2018-01-22 18:00:00,0.742
2018-01-22 19:00:00,0.514
2018-01-22 20:00:00,0.7020000000000001
2018-01-22 21:00:00,2.219
2018-01-22 22:00:00,2.359
2018-01-22 23:00:00,1.314
2018-01-23 00:00:00,1.245
2018-01-23 01:00:00,0.421
2018-01-23 02:00:00,0.423
2018-01-23 03:00:00,0.387
2018-01-23 04:00:00,0.361
2018-01-23 05:00:00,0.321
2018-01-23 06:00:00,1.246
2018-01-23 07:00:00,0.758
2018-01-23 08:00:00,0.27
2018-01-23 09:00:00,0.93
2018-01-23 10:00:00,0.481
2018-01-23 11:00:00,0.426
2018-01-23 12:00:00,0.463
2018-01-23 13:00:00,0.417
2018-01-23 14:00:00,0.7240000000000001
2018-01-23 15:00:00,1.12
2018-01-23 16:00:00,2.097
2018-01-23 17:00:00,1.209
2018-01-23 18:00:00,0.8270000000000001
2018-01-23 19:00:00,0.355
2018-01-23 20:00:00,0.835
2018-01-23 21:00:00,1.696
2018-01-23 22:00:00,1.141
2018-01-23 23:00:00,1.557
2018-01-24 00:00:00,0.873
2018-01-24 01:00:00,0.685
2018-01-24 02:00:00,0.601
2018-01-24 03:00:00,0.563
2018-01-24 04:00:00,0.5529999999999999
2018-01-24 05:00:00,0.573
2018-01-24 06:00:00,0.6779999999999999
2018-01-24 07:00:00,0.939
2018-01-24 08:00:00,1.164
2018-01-24 09:00:00,1.2919999999999998
2018-01-24 10:00:00,1.4069999999999998
2018-01-24 11:00:00,1.4169999999999998
2018-01-24 12:00:00,1.423
2018-01-24 13:00:00,1.444
2018-01-24 14:00:00,1.384
2018-01-24 15:00:00,1.325
2018-01-24 16:00:00,1.3259999999999998
2018-01-24 17:00:00,1.402
2018-01-24 18:00:00,1.5490000000000002
2018-01-24 19:00:00,1.6569999999999998
2018-01-24 20:00:00,1.7009999999999998
2018-01-24 21:00:00,1.658
2018-01-24 22:00:00,1.4509999999999998
2018-01-24 23:00:00,1.17
2018-01-25 00:00:00,0.872
2018-01-25 01:00:00,0.684
2018-01-25 02:00:00,0.601
2018-01-25 03:00:00,0.562
2018-01-25 04:00:00,0.552
2018-01-25 05:00:00,0.5720000000000001
2018-01-25 06:00:00,0.677
2018-01-25 07:00:00,0.938
2018-01-25 08:00:00,1.163
2018-01-25 09:00:00,1.291
2018-01-25 10:00:00,1.406
2018-01-25 11:00:00,1.416
2018-01-25 12:00:00,1.421
2018-01-25 13:00:00,1.443
2018-01-25 14:00:00,1.383
2018-01-25 15:00:00,1.324
2018-01-25 16:00:00,1.325
2018-01-25 17:00:00,1.401
2018-01-25 18:00:00,1.547
2018-01-25 19:00:00,1.655
2018-01-25 20:00:00,1.7
2018-01-25 21:00:00,1.6569999999999998
2018-01-25 22:00:00,1.45
2018-01-25 23:00:00,1.169
2018-01-26 00:00:00,0.534
2018-01-26 01:00:00,0.243
2018-01-26 02:00:00,0.29600000000000004
2018-01-26 03:00:00,0.28600000000000003
2018-01-26 04:00:00,0.237
2018-01-26 05:00:00,0.232
2018-01-26 06:00:00,1.59
2018-01-26 07:00:00,1.09
2018-01-26 08:00:00,0.246
2018-01-26 09:00:00,0.229
2018-01-26 10:00:00,0.309
2018-01-26 11:00:00,1.05
2018-01-26 12:00:00,0.4320000000000001
2018-01-26 13:00:00,0.413
2018-01-26 14:00:00,0.509
2018-01-26 15:00:00,0.621
2018-01-26 16:00:00,1.404
2018-01-26 17:00:00,0.588
2018-01-26 18:00:00,0.238
2018-01-26 19:00:00,0.337
2018-01-26 20:00:00,1.328
2018-01-26 21:00:00,2.015
2018-01-26 22:00:00,2.526
2018-01-26 23:00:00,2.642
2018-01-27 00:00:00,1.675
2018-01-27 01:00:00,0.249
2018-01-27 02:00:00,0.241
2018-01-27 03:00:00,0.276
2018-01-27 04:00:00,0.26
2018-01-27 05:00:00,0.232
2018-01-27 06:00:00,0.6940000000000001
2018-01-27 07:00:00,2.448
2018-01-27 08:00:00,1.716
2018-01-27 09:00:00,1.403
2018-01-27 10:00:00,0.099
2018-01-27 11:00:00,0.1
2018-01-27 12:00:00,0.152
2018-01-27 13:00:00,0.112
2018-01-27 14:00:00,0.098
2018-01-27 15:00:00,0.096
2018-01-27 16:00:00,0.131
2018-01-27 17:00:00,0.318
2018-01-27 18:00:00,0.097
2018-01-27 19:00:00,0.097
2018-01-27 20:00:00,0.25
2018-01-27 21:00:00,0.206
2018-01-27 22:00:00,0.106
2018-01-27 23:00:00,0.426
2018-01-28 00:00:00,1.913
2018-01-28 01:00:00,1.26
2018-01-28 02:00:00,0.25
2018-01-28 03:00:00,0.226
2018-01-28 04:00:00,0.224
2018-01-28 05:00:00,0.263
2018-01-28 06:00:00,0.298
2018-01-28 07:00:00,0.116
2018-01-28 08:00:00,0.098
2018-01-28 09:00:00,0.184
2018-01-28 10:00:00,0.456
2018-01-28 11:00:00,0.909
2018-01-28 12:00:00,1.072
2018-01-28 13:00:00,0.485
2018-01-28 14:00:00,0.31
2018-01-28 15:00:00,0.989
2018-01-28 16:00:00,1.319
2018-01-28 17:00:00,0.343
2018-01-28 18:00:00,0.305
2018-01-28 19:00:00,0.634
2018-01-28 20:00:00,2.391
2018-01-28 21:00:00,1.92
2018-01-28 22:00:00,0.932
2018-01-28 23:00:00,0.389
2018-01-29 00:00:00,0.244
2018-01-29 01:00:00,0.269
2018-01-29 02:00:00,0.28800000000000003
2018-01-29 03:00:00,0.234
2018-01-29 04:00:00,0.236
2018-01-29 05:00:00,0.414
2018-01-29 06:00:00,1.249
2018-01-29 07:00:00,0.675
2018-01-29 08:00:00,0.8079999999999999
2018-01-29 09:00:00,0.151
2018-01-29 10:00:00,0.114
2018-01-29 11:00:00,0.098
2018-01-29 12:00:00,0.111
2018-01-29 13:00:00,0.145
2018-01-29 14:00:00,0.106
2018-01-29 15:00:00,1.49
2018-01-29 16:00:00,1.954
2018-01-29 17:00:00,1.55
2018-01-29 18:00:00,1.604
2018-01-29 19:00:00,0.7290000000000001
2018-01-29 20:00:00,0.495
2018-01-29 21:00:00,0.767
2018-01-29 22:00:00,0.99
2018-01-29 23:00:00,1.073
2018-01-30 00:00:00,2.161
2018-01-30 01:00:00,1.3030000000000002
2018-01-30 02:00:00,0.375
2018-01-30 03:00:00,0.349
2018-01-30 04:00:00,0.264
2018-01-30 05:00:00,0.235
2018-01-30 06:00:00,1.636
2018-01-30 07:00:00,1.334
2018-01-30 08:00:00,0.335
2018-01-30 09:00:00,0.355
2018-01-30 10:00:00,0.365
2018-01-30 11:00:00,0.6779999999999999
2018-01-30 12:00:00,0.8859999999999999
2018-01-30 13:00:00,0.409
2018-01-30 14:00:00,0.506
2018-01-30 15:00:00,1.848
2018-01-30 16:00:00,1.941
2018-01-30 17:00:00,0.845
2018-01-30 18:00:00,1.111
2018-01-30 19:00:00,0.583
2018-01-30 20:00:00,1.014
2018-01-30 21:00:00,1.006
2018-01-30 22:00:00,0.978
2018-01-30 23:00:00,1.941
2018-01-31 00:00:00,0.482
2018-01-31 01:00:00,0.3720000000000001
2018-01-31 02:00:00,0.37
2018-01-31 03:00:00,0.419
2018-01-31 04:00:00,0.369
2018-01-31 05:00:00,0.236
2018-01-31 06:00:00,1.244
2018-01-31 07:00:00,0.374
2018-01-31 08:00:00,2.281
2018-01-31 09:00:00,0.89
2018-01-31 10:00:00,0.258
2018-01-31 11:00:00,0.28600000000000003
2018-01-31 12:00:00,0.63
2018-01-31 13:00:00,2.5810000000000004
2018-01-31 14:00:00,1.842
2018-01-31 15:00:00,0.723
2018-01-31 16:00:00,1.213
2018-01-31 17:00:00,2.269
2018-01-31 18:00:00,1.0759999999999998
2018-01-31 19:00:00,0.601
2018-01-31 20:00:00,1.05
2018-01-31 21:00:00,1.194
2018-01-31 22:00:00,1.871
2018-01-31 23:00:00,0.835
2018-02-01 00:00:00,0.863
2018-02-01 01:00:00,1.367
2018-02-01 02:00:00,0.373
2018-02-01 03:00:00,0.368
2018-02-01 04:00:00,0.251
2018-02-01 05:00:00,0.241
2018-02-01 06:00:00,0.931
2018-02-01 07:00:00,0.691
2018-02-01 08:00:00,1.472
2018-02-01 09:00:00,1.335
2018-02-01 10:00:00,0.237
2018-02-01 11:00:00,0.292
2018-02-01 12:00:00,0.979
2018-02-01 13:00:00,1.3769999999999998
2018-02-01 14:00:00,1.135
2018-02-01 15:00:00,1.135
2018-02-01 16:00:00,1.86
2018-02-01 17:00:00,0.959
2018-02-01 18:00:00,0.767
2018-02-01 19:00:00,0.433
2018-02-01 20:00:00,1.047
2018-02-01 21:00:00,0.986
2018-02-01 22:00:00,2.315
2018-02-01 23:00:00,2.189
2018-02-02 00:00:00,0.7509999999999999
2018-02-02 01:00:00,0.239
2018-02-02 02:00:00,0.236
2018-02-02 03:00:00,0.273
2018-02-02 04:00:00,0.28600000000000003
2018-02-02 05:00:00,0.418
2018-02-02 06:00:00,0.987
2018-02-02 07:00:00,0.353
2018-02-02 08:00:00,1.114
2018-02-02 09:00:00,1.579
2018-02-02 10:00:00,0.551
2018-02-02 11:00:00,1.0659999999999998
2018-02-02 12:00:00,1.047
2018-02-02 13:00:00,2.485
2018-02-02 14:00:00,2.85
2018-02-02 15:00:00,0.852
2018-02-02 16:00:00,1.739
2018-02-02 17:00:00,0.816
2018-02-02 18:00:00,0.693
2018-02-02 19:00:00,0.379
2018-02-02 20:00:00,0.603
2018-02-02 21:00:00,0.93
2018-02-02 22:00:00,1.964
2018-02-02 23:00:00,1.809
2018-02-03 00:00:00,1.127
2018-02-03 01:00:00,0.5329999999999999
2018-02-03 02:00:00,0.268
2018-02-03 03:00:00,0.28800000000000003
2018-02-03 04:00:00,0.231
2018-02-03 05:00:00,0.232
2018-02-03 06:00:00,0.409
2018-02-03 07:00:00,0.289
2018-02-03 08:00:00,0.238
2018-02-03 09:00:00,0.317
2018-02-03 10:00:00,2.782
2018-02-03 11:00:00,2.457
2018-02-03 12:00:00,2.0
2018-02-03 13:00:00,0.7879999999999999
2018-02-03 14:00:00,2.028
2018-02-03 15:00:00,0.6559999999999999
2018-02-03 16:00:00,1.913
2018-02-03 17:00:00,0.967
2018-02-03 18:00:00,0.593
2018-02-03 19:00:00,0.446
2018-02-03 20:00:00,0.63
2018-02-03 21:00:00,0.358
2018-02-03 22:00:00,0.624
2018-02-03 23:00:00,1.466
2018-02-04 00:00:00,1.4240000000000002
2018-02-04 01:00:00,0.7070000000000001
2018-02-04 02:00:00,0.231
2018-02-04 03:00:00,0.232
2018-02-04 04:00:00,0.446
2018-02-04 05:00:00,0.196
2018-02-04 06:00:00,0.101
2018-02-04 07:00:00,0.103
2018-02-04 08:00:00,0.317
2018-02-04 09:00:00,0.754
2018-02-04 10:00:00,2.117
2018-02-04 11:00:00,2.567
2018-02-04 12:00:00,2.6460000000000004
2018-02-04 13:00:00,4.698
2018-02-04 14:00:00,6.3679999999999986
2018-02-04 15:00:00,3.057
2018-02-04 16:00:00,3.691
2018-02-04 17:00:00,2.337
2018-02-04 18:00:00,1.232
2018-02-04 19:00:00,0.6829999999999999
2018-02-04 20:00:00,2.862
2018-02-04 21:00:00,1.128
2018-02-04 22:00:00,0.718
2018-02-04 23:00:00,1.672
2018-02-05 00:00:00,2.519
2018-02-05 01:00:00,1.85
2018-02-05 02:00:00,0.304
2018-02-05 03:00:00,0.239
2018-02-05 04:00:00,0.24
2018-02-05 05:00:00,0.16899999999999998
2018-02-05 06:00:00,1.686
2018-02-05 07:00:00,0.868
2018-02-05 08:00:00,0.399
2018-02-05 09:00:00,0.607
2018-02-05 10:00:00,0.229
2018-02-05 11:00:00,0.261
2018-02-05 12:00:00,0.274
2018-02-05 13:00:00,0.32
2018-02-05 14:00:00,0.884
2018-02-05 15:00:00,1.0
2018-02-05 16:00:00,1.546
2018-02-05 17:00:00,1.358
2018-02-05 18:00:00,0.524
2018-02-05 19:00:00,0.693
2018-02-05 20:00:00,0.693
2018-02-05 21:00:00,0.934
2018-02-05 22:00:00,1.882
2018-02-05 23:00:00,1.539
2018-02-06 00:00:00,0.8370000000000001
2018-02-06 01:00:00,0.662
2018-02-06 02:00:00,0.585
2018-02-06 03:00:00,0.5529999999999999
2018-02-06 04:00:00,0.546
2018-02-06 05:00:00,0.5670000000000001
2018-02-06 06:00:00,0.679
2018-02-06 07:00:00,0.952
2018-02-06 08:00:00,1.152
2018-02-06 09:00:00,1.258
2018-02-06 10:00:00,1.3530000000000002
2018-02-06 11:00:00,1.36
2018-02-06 12:00:00,1.3730000000000002
2018-02-06 13:00:00,1.396
2018-02-06 14:00:00,1.3330000000000002
2018-02-06 15:00:00,1.266
2018-02-06 16:00:00,1.261
2018-02-06 17:00:00,1.319
2018-02-06 18:00:00,1.4280000000000002
2018-02-06 19:00:00,1.598
2018-02-06 20:00:00,1.67
2018-02-06 21:00:00,1.621
2018-02-06 22:00:00,1.406
2018-02-06 23:00:00,1.121
2018-02-07 00:00:00,0.382
2018-02-07 01:00:00,0.281
2018-02-07 02:00:00,0.276
2018-02-07 03:00:00,0.274
2018-02-07 04:00:00,0.327
2018-02-07 05:00:00,0.451
2018-02-07 06:00:00,1.877
2018-02-07 07:00:00,1.974
2018-02-07 08:00:00,0.25
2018-02-07 09:00:00,0.278
2018-02-07 10:00:00,0.233
2018-02-07 11:00:00,0.227
2018-02-07 12:00:00,0.887
2018-02-07 13:00:00,1.756
2018-02-07 14:00:00,0.767
2018-02-07 15:00:00,0.957
2018-02-07 16:00:00,1.918
2018-02-07 17:00:00,1.043
2018-02-07 18:00:00,0.815
2018-02-07 19:00:00,1.012
2018-02-07 20:00:00,0.925
2018-02-07 21:00:00,1.851
2018-02-07 22:00:00,2.1830000000000003
2018-02-07 23:00:00,1.798
2018-02-08 00:00:00,0.835
2018-02-08 01:00:00,0.66
2018-02-08 02:00:00,0.584
2018-02-08 03:00:00,0.551
2018-02-08 04:00:00,0.544
2018-02-08 05:00:00,0.565
2018-02-08 06:00:00,0.677
2018-02-08 07:00:00,0.9490000000000001
2018-02-08 08:00:00,1.148
2018-02-08 09:00:00,1.254
2018-02-08 10:00:00,1.349
2018-02-08 11:00:00,1.355
2018-02-08 12:00:00,1.368
2018-02-08 13:00:00,1.391
2018-02-08 14:00:00,1.329
2018-02-08 15:00:00,1.262
2018-02-08 16:00:00,1.2570000000000001
2018-02-08 17:00:00,1.315
2018-02-08 18:00:00,1.423
2018-02-08 19:00:00,1.5930000000000002
2018-02-08 20:00:00,1.665
2018-02-08 21:00:00,1.6159999999999999
2018-02-08 22:00:00,1.401
2018-02-08 23:00:00,1.117
2018-02-09 00:00:00,2.031
2018-02-09 01:00:00,0.785
2018-02-09 02:00:00,0.36200000000000004
2018-02-09 03:00:00,0.41600000000000004
2018-02-09 04:00:00,0.371
2018-02-09 05:00:00,0.353
2018-02-09 06:00:00,1.92
2018-02-09 07:00:00,1.34
2018-02-09 08:00:00,0.243
2018-02-09 09:00:00,0.22399999999999998
2018-02-09 10:00:00,0.313
2018-02-09 11:00:00,1.4069999999999998
2018-02-09 12:00:00,1.972
2018-02-09 13:00:00,1.536
2018-02-09 14:00:00,1.6740000000000002
2018-02-09 15:00:00,1.819
2018-02-09 16:00:00,2.274
2018-02-09 17:00:00,2.87
2018-02-09 18:00:00,3.11
2018-02-09 19:00:00,2.905
2018-02-09 20:00:00,1.2690000000000001
2018-02-09 21:00:00,2.5540000000000003
2018-02-09 22:00:00,2.948
2018-02-09 23:00:00,3.3539999999999996
2018-02-10 00:00:00,0.897
2018-02-10 01:00:00,0.726
2018-02-10 02:00:00,0.626
2018-02-10 03:00:00,0.573
2018-02-10 04:00:00,0.552
2018-02-10 05:00:00,0.5529999999999999
2018-02-10 06:00:00,0.588
2018-02-10 07:00:00,0.669
2018-02-10 08:00:00,0.85
2018-02-10 09:00:00,1.102
2018-02-10 10:00:00,1.29
2018-02-10 11:00:00,1.33
2018-02-10 12:00:00,1.337
2018-02-10 13:00:00,1.379
2018-02-10 14:00:00,1.3430000000000002
2018-02-10 15:00:00,1.227
2018-02-10 16:00:00,1.1540000000000001
2018-02-10 17:00:00,1.139
2018-02-10 18:00:00,1.212
2018-02-10 19:00:00,1.3230000000000002
2018-02-10 20:00:00,1.399
2018-02-10 21:00:00,1.409
2018-02-10 22:00:00,1.274
2018-02-10 23:00:00,1.093
2018-02-11 00:00:00,0.873
2018-02-11 01:00:00,0.7120000000000001
2018-02-11 02:00:00,0.609
2018-02-11 03:00:00,0.555
2018-02-11 04:00:00,0.531
2018-02-11 05:00:00,0.527
2018-02-11 06:00:00,0.544
2018-02-11 07:00:00,0.59
2018-02-11 08:00:00,0.705
2018-02-11 09:00:00,0.912
2018-02-11 10:00:00,1.101
2018-02-11 11:00:00,1.185
2018-02-11 12:00:00,1.212
2018-02-11 13:00:00,1.262
2018-02-11 14:00:00,1.245
2018-02-11 15:00:00,1.123
2018-02-11 16:00:00,1.056
2018-02-11 17:00:00,1.044
2018-02-11 18:00:00,1.149
2018-02-11 19:00:00,1.319
2018-02-11 20:00:00,1.4340000000000002
2018-02-11 21:00:00,1.435
2018-02-11 22:00:00,1.25
2018-02-11 23:00:00,1.014
2018-02-12 00:00:00,0.619
2018-02-12 01:00:00,0.494
2018-02-12 02:00:00,0.435
2018-02-12 03:00:00,0.409
2018-02-12 04:00:00,0.40299999999999997
2018-02-12 05:00:00,0.418
2018-02-12 06:00:00,0.501
2018-02-12 07:00:00,0.695
2018-02-12 08:00:00,0.8440000000000001
2018-02-12 09:00:00,0.932
2018-02-12 10:00:00,1.0090000000000001
2018-02-12 11:00:00,1.02
2018-02-12 12:00:00,1.0290000000000001
2018-02-12 13:00:00,1.047
2018-02-12 14:00:00,0.996
2018-02-12 15:00:00,0.9420000000000001
2018-02-12 16:00:00,0.937
2018-02-12 17:00:00,0.977
2018-02-12 18:00:00,1.053
2018-02-12 19:00:00,1.183
2018-02-12 20:00:00,1.238
2018-02-12 21:00:00,1.205
2018-02-12 22:00:00,1.042
2018-02-12 23:00:00,0.828
2018-02-13 00:00:00,1.379
2018-02-13 01:00:00,0.222
2018-02-13 02:00:00,0.106
2018-02-13 03:00:00,0.134
2018-02-13 04:00:00,0.157
2018-02-13 05:00:00,0.11
2018-02-13 06:00:00,1.754
2018-02-13 07:00:00,1.8869999999999998
2018-02-13 08:00:00,0.19699999999999998
2018-02-13 09:00:00,0.141
2018-02-13 10:00:00,0.094
2018-02-13 11:00:00,0.09300000000000001
2018-02-13 12:00:00,0.092
2018-02-13 13:00:00,0.142
2018-02-13 14:00:00,0.311
2018-02-13 15:00:00,0.508
2018-02-13 16:00:00,1.422
2018-02-13 17:00:00,0.782
2018-02-13 18:00:00,1.005
2018-02-13 19:00:00,0.606
2018-02-13 20:00:00,0.608
2018-02-13 21:00:00,2.119
2018-02-13 22:00:00,2.47
2018-02-13 23:00:00,2.384
2018-02-14 00:00:00,0.657
2018-02-14 01:00:00,0.26899999999999996
2018-02-14 02:00:00,0.299
2018-02-14 03:00:00,0.243
2018-02-14 04:00:00,0.242
2018-02-14 05:00:00,0.266
2018-02-14 06:00:00,1.002
2018-02-14 07:00:00,1.0070000000000001
2018-02-14 08:00:00,0.295
2018-02-14 09:00:00,0.78
2018-02-14 10:00:00,1.11
2018-02-14 11:00:00,1.24
2018-02-14 12:00:00,1.218
2018-02-14 13:00:00,1.23
2018-02-14 14:00:00,2.967
2018-02-14 15:00:00,1.23
2018-02-14 16:00:00,1.318
2018-02-14 17:00:00,0.6579999999999999
2018-02-14 18:00:00,0.54
2018-02-14 19:00:00,0.475
2018-02-14 20:00:00,1.273
2018-02-14 21:00:00,2.9539999999999997
2018-02-14 22:00:00,0.95
2018-02-14 23:00:00,1.669
2018-02-15 00:00:00,2.681
2018-02-15 01:00:00,0.499
2018-02-15 02:00:00,0.249
2018-02-15 03:00:00,0.25
2018-02-15 04:00:00,0.298
2018-02-15 05:00:00,0.264
2018-02-15 06:00:00,0.86
2018-02-15 07:00:00,0.374
2018-02-15 08:00:00,1.419
2018-02-15 09:00:00,1.124
2018-02-15 10:00:00,0.23600000000000002
2018-02-15 11:00:00,0.257
2018-02-15 12:00:00,3.3939999999999997
2018-02-15 13:00:00,2.715
2018-02-15 14:00:00,2.3040000000000003
2018-02-15 15:00:00,1.254
2018-02-15 16:00:00,1.564
2018-02-15 17:00:00,0.34600000000000003
2018-02-15 18:00:00,0.3720000000000001
2018-02-15 19:00:00,0.552
2018-02-15 20:00:00,1.1440000000000001
2018-02-15 21:00:00,1.61
2018-02-15 22:00:00,2.4
2018-02-15 23:00:00,2.22
2018-02-16 00:00:00,0.633
2018-02-16 01:00:00,0.506
2018-02-16 02:00:00,0.442
2018-02-16 03:00:00,0.415
2018-02-16 04:00:00,0.409
2018-02-16 05:00:00,0.424
2018-02-16 06:00:00,0.506
2018-02-16 07:00:00,0.703
2018-02-16 08:00:00,0.858
2018-02-16 09:00:00,0.9440000000000001
2018-02-16 10:00:00,1.01
2018-02-16 11:00:00,1.015
2018-02-16 12:00:00,1.021
2018-02-16 13:00:00,1.037
2018-02-16 14:00:00,0.998
2018-02-16 15:00:00,0.9540000000000001
2018-02-16 16:00:00,0.9440000000000001
2018-02-16 17:00:00,0.975
2018-02-16 18:00:00,1.041
2018-02-16 19:00:00,1.14
2018-02-16 20:00:00,1.166
2018-02-16 21:00:00,1.147
2018-02-16 22:00:00,1.026
2018-02-16 23:00:00,0.86
2018-02-17 00:00:00,0.5579999999999999
2018-02-17 01:00:00,0.251
2018-02-17 02:00:00,0.203
2018-02-17 03:00:00,0.166
2018-02-17 04:00:00,0.139
2018-02-17 05:00:00,0.11199999999999999
2018-02-17 06:00:00,0.105
2018-02-17 07:00:00,0.168
2018-02-17 08:00:00,1.2790000000000001
2018-02-17 09:00:00,1.348
2018-02-17 10:00:00,0.24
2018-02-17 11:00:00,0.264
2018-02-17 12:00:00,0.287
2018-02-17 13:00:00,0.22899999999999998
2018-02-17 14:00:00,0.23600000000000002
2018-02-17 15:00:00,0.26899999999999996
2018-02-17 16:00:00,0.28300000000000003
2018-02-17 17:00:00,0.23199999999999998
2018-02-17 18:00:00,0.402
2018-02-17 19:00:00,0.287
2018-02-17 20:00:00,0.263
2018-02-17 21:00:00,0.233
2018-02-17 22:00:00,0.5489999999999999
2018-02-17 23:00:00,2.8310000000000004
2018-02-18 00:00:00,1.389
2018-02-18 01:00:00,0.444
2018-02-18 02:00:00,0.263
2018-02-18 03:00:00,0.302
2018-02-18 04:00:00,0.253
2018-02-18 05:00:00,0.242
2018-02-18 06:00:00,0.265
2018-02-18 07:00:00,0.5
2018-02-18 08:00:00,0.23800000000000002
2018-02-18 09:00:00,1.044
2018-02-18 10:00:00,2.079
2018-02-18 11:00:00,1.565
2018-02-18 12:00:00,2.825
2018-02-18 13:00:00,2.615
2018-02-18 14:00:00,1.854
2018-02-18 15:00:00,1.709
2018-02-18 16:00:00,0.7609999999999999
2018-02-18 17:00:00,0.67
2018-02-18 18:00:00,0.547
2018-02-18 19:00:00,1.0190000000000001
2018-02-18 20:00:00,1.035
2018-02-18 21:00:00,1.143
2018-02-18 22:00:00,1.4580000000000002
2018-02-18 23:00:00,0.826
2018-02-19 00:00:00,2.0780000000000003
2018-02-19 01:00:00,1.425
2018-02-19 02:00:00,0.371
2018-02-19 03:00:00,0.392
2018-02-19 04:00:00,0.41600000000000004
2018-02-19 05:00:00,0.39
2018-02-19 06:00:00,1.7280000000000002
2018-02-19 07:00:00,1.085
2018-02-19 08:00:00,0.612
2018-02-19 09:00:00,0.8759999999999999
2018-02-19 10:00:00,0.465
2018-02-19 11:00:00,0.41
2018-02-19 12:00:00,0.415
2018-02-19 13:00:00,0.452
2018-02-19 14:00:00,0.469
2018-02-19 15:00:00,1.004
2018-02-19 16:00:00,1.771
2018-02-19 17:00:00,1.069
2018-02-19 18:00:00,1.291
2018-02-19 19:00:00,0.478
2018-02-19 20:00:00,0.496
2018-02-19 21:00:00,0.541
2018-02-19 22:00:00,1.5190000000000001
2018-02-19 23:00:00,2.177
2018-02-20 00:00:00,0.616
2018-02-20 01:00:00,0.486
2018-02-20 02:00:00,0.43
2018-02-20 03:00:00,0.406
2018-02-20 04:00:00,0.401
2018-02-20 05:00:00,0.41700000000000004
2018-02-20 06:00:00,0.499
2018-02-20 07:00:00,0.7
2018-02-20 08:00:00,0.847
2018-02-20 09:00:00,0.925
2018-02-20 10:00:00,0.995
2018-02-20 11:00:00,1.0
2018-02-20 12:00:00,1.0090000000000001
2018-02-20 13:00:00,1.026
2018-02-20 14:00:00,0.98
2018-02-20 15:00:00,0.9309999999999999
2018-02-20 16:00:00,0.927
2018-02-20 17:00:00,0.97
2018-02-20 18:00:00,1.0490000000000002
2018-02-20 19:00:00,1.175
2018-02-20 20:00:00,1.228
2018-02-20 21:00:00,1.192
2018-02-20 22:00:00,1.033
2018-02-20 23:00:00,0.8240000000000001
2018-02-21 00:00:00,1.0290000000000001
2018-02-21 01:00:00,0.17300000000000001
2018-02-21 02:00:00,0.113
2018-02-21 03:00:00,0.109
2018-02-21 04:00:00,0.10800000000000001
2018-02-21 05:00:00,0.16399999999999998
2018-02-21 06:00:00,1.8319999999999999
2018-02-21 07:00:00,1.7590000000000001
2018-02-21 08:00:00,0.11599999999999999
2018-02-21 09:00:00,0.10099999999999999
2018-02-21 10:00:00,0.098
2018-02-21 11:00:00,0.132
2018-02-21 12:00:00,0.314
2018-02-21 13:00:00,0.311
2018-02-21 14:00:00,0.622
2018-02-21 15:00:00,0.9420000000000001
2018-02-21 16:00:00,1.379
2018-02-21 17:00:00,0.426
2018-02-21 18:00:00,0.302
2018-02-21 19:00:00,0.354
2018-02-21 20:00:00,0.22899999999999998
2018-02-21 21:00:00,1.021
2018-02-21 22:00:00,1.87
2018-02-21 23:00:00,2.463
2018-02-22 00:00:00,0.614
2018-02-22 01:00:00,0.485
2018-02-22 02:00:00,0.429
2018-02-22 03:00:00,0.405
2018-02-22 04:00:00,0.4
2018-02-22 05:00:00,0.41600000000000004
2018-02-22 06:00:00,0.4970000000000001
2018-02-22 07:00:00,0.698
2018-02-22 08:00:00,0.8440000000000001
2018-02-22 09:00:00,0.9209999999999999
2018-02-22 10:00:00,0.991
2018-02-22 11:00:00,0.996
2018-02-22 12:00:00,1.006
2018-02-22 13:00:00,1.023
2018-02-22 14:00:00,0.976
2018-02-22 15:00:00,0.927
2018-02-22 16:00:00,0.924
2018-02-22 17:00:00,0.966
2018-02-22 18:00:00,1.045
2018-02-22 19:00:00,1.171
2018-02-22 20:00:00,1.224
2018-02-22 21:00:00,1.188
2018-02-22 22:00:00,1.03
2018-02-22 23:00:00,0.821
2018-02-23 00:00:00,0.466
2018-02-23 01:00:00,0.242
2018-02-23 02:00:00,0.23800000000000002
2018-02-23 03:00:00,0.29
2018-02-23 04:00:00,0.214
2018-02-23 05:00:00,0.106
2018-02-23 06:00:00,1.646
2018-02-23 07:00:00,1.065
2018-02-23 08:00:00,0.209
2018-02-23 09:00:00,0.336
2018-02-23 10:00:00,0.804
2018-02-23 11:00:00,0.57
2018-02-23 12:00:00,0.317
2018-02-23 13:00:00,0.319
2018-02-23 14:00:00,0.851
2018-02-23 15:00:00,1.423
2018-02-23 16:00:00,1.329
2018-02-23 17:00:00,1.0290000000000001
2018-02-23 18:00:00,1.237
2018-02-23 19:00:00,0.64
2018-02-23 20:00:00,1.8869999999999998
2018-02-23 21:00:00,2.059
2018-02-23 22:00:00,1.685
2018-02-23 23:00:00,1.0290000000000001
2018-02-24 00:00:00,0.6579999999999999
2018-02-24 01:00:00,0.5329999999999999
2018-02-24 02:00:00,0.46
2018-02-24 03:00:00,0.42100000000000004
2018-02-24 04:00:00,0.405
2018-02-24 05:00:00,0.406
2018-02-24 06:00:00,0.4320000000000001
2018-02-24 07:00:00,0.4920000000000001
2018-02-24 08:00:00,0.625
2018-02-24 09:00:00,0.81
2018-02-24 10:00:00,0.9470000000000001
2018-02-24 11:00:00,0.977
2018-02-24 12:00:00,0.982
2018-02-24 13:00:00,1.013
2018-02-24 14:00:00,0.986
2018-02-24 15:00:00,0.9009999999999999
2018-02-24 16:00:00,0.848
2018-02-24 17:00:00,0.836
2018-02-24 18:00:00,0.889
2018-02-24 19:00:00,0.971
2018-02-24 20:00:00,1.0270000000000001
2018-02-24 21:00:00,1.035
2018-02-24 22:00:00,0.9359999999999999
2018-02-24 23:00:00,0.8029999999999999
2018-02-25 00:00:00,0.617
2018-02-25 01:00:00,1.834
2018-02-25 02:00:00,0.3670000000000001
2018-02-25 03:00:00,0.365
2018-02-25 04:00:00,0.413
2018-02-25 05:00:00,0.377
2018-02-25 06:00:00,0.33399999999999996
2018-02-25 07:00:00,0.23399999999999999
2018-02-25 08:00:00,0.282
2018-02-25 09:00:00,0.7
2018-02-25 10:00:00,0.733
2018-02-25 11:00:00,2.517
2018-02-25 12:00:00,3.094
2018-02-25 13:00:00,3.319
2018-02-25 14:00:00,3.818
2018-02-25 15:00:00,0.647
2018-02-25 16:00:00,2.349
2018-02-25 17:00:00,1.614
2018-02-25 18:00:00,0.83
2018-02-25 19:00:00,1.515
2018-02-25 20:00:00,0.883
2018-02-25 21:00:00,1.36
2018-02-25 22:00:00,1.479
2018-02-25 23:00:00,1.268
2018-02-26 00:00:00,0.601
2018-02-26 01:00:00,0.48
2018-02-26 02:00:00,0.42200000000000004
2018-02-26 03:00:00,0.397
2018-02-26 04:00:00,0.391
2018-02-26 05:00:00,0.406
2018-02-26 06:00:00,0.486
2018-02-26 07:00:00,0.6759999999999999
2018-02-26 08:00:00,0.82
2018-02-26 09:00:00,0.905
2018-02-26 10:00:00,0.98
2018-02-26 11:00:00,0.99
2018-02-26 12:00:00,0.9990000000000001
2018-02-26 13:00:00,1.0170000000000001
2018-02-26 14:00:00,0.9670000000000001
2018-02-26 15:00:00,0.915
2018-02-26 16:00:00,0.91
2018-02-26 17:00:00,0.9490000000000001
2018-02-26 18:00:00,1.023
2018-02-26 19:00:00,1.149
2018-02-26 20:00:00,1.203
2018-02-26 21:00:00,1.171
2018-02-26 22:00:00,1.012
2018-02-26 23:00:00,0.804
2018-02-27 00:00:00,0.5670000000000001
2018-02-27 01:00:00,0.146
2018-02-27 02:00:00,0.11900000000000001
2018-02-27 03:00:00,0.14
2018-02-27 04:00:00,0.16399999999999998
2018-02-27 05:00:00,0.109
2018-02-27 06:00:00,1.7619999999999998
2018-02-27 07:00:00,0.753
2018-02-27 08:00:00,0.14800000000000002
2018-02-27 09:00:00,0.10099999999999999
2018-02-27 10:00:00,0.094
2018-02-27 11:00:00,0.11900000000000001
2018-02-27 12:00:00,0.145
2018-02-27 13:00:00,0.09300000000000001
2018-02-27 14:00:00,0.09300000000000001
2018-02-27 15:00:00,0.56
2018-02-27 16:00:00,1.162
2018-02-27 17:00:00,0.442
2018-02-27 18:00:00,0.222
2018-02-27 19:00:00,0.324
2018-02-27 20:00:00,1.107
2018-02-27 21:00:00,1.1340000000000001
2018-02-27 22:00:00,1.36
2018-02-27 23:00:00,2.0540000000000003
2018-02-28 00:00:00,1.347
2018-02-28 01:00:00,0.243
2018-02-28 02:00:00,0.24100000000000002
2018-02-28 03:00:00,0.27699999999999997
2018-02-28 04:00:00,0.21100000000000002
2018-02-28 05:00:00,0.105
2018-02-28 06:00:00,1.607
2018-02-28 07:00:00,0.782
2018-02-28 08:00:00,0.125
2018-02-28 09:00:00,0.16899999999999998
2018-02-28 10:00:00,0.977
2018-02-28 11:00:00,1.2329999999999999
2018-02-28 12:00:00,1.262
2018-02-28 13:00:00,0.757
2018-02-28 14:00:00,0.935
2018-02-28 15:00:00,1.365
2018-02-28 16:00:00,1.79
2018-02-28 17:00:00,1.005
2018-02-28 18:00:00,0.426
2018-02-28 19:00:00,0.368
2018-02-28 20:00:00,0.725
2018-02-28 21:00:00,1.012
2018-02-28 22:00:00,1.075
2018-02-28 23:00:00,0.815
