Fecha,Consumo_kWh,Fecha,TPD,EDP,VE
2018-02-01 00:00:00,0.863,2018-02-01 00:00:00,127.1,76.88,73.15
2018-02-01 01:00:00,1.367,2018-02-01 01:00:00,124.34,74.24,70.48
2018-02-01 02:00:00,0.373,2018-02-01 02:00:00,119.4,69.46,65.85
2018-02-01 03:00:00,0.368,2018-02-01 03:00:00,114.81,65.09,61.56
2018-02-01 04:00:00,0.251,2018-02-01 04:00:00,113.41,63.87,60.48
2018-02-01 05:00:00,0.24100000000000002,2018-02-01 05:00:00,120.85,71.23,67.77
2018-02-01 06:00:00,0.9309999999999999,2018-02-01 06:00:00,126.63,76.97,81.47
2018-02-01 07:00:00,0.691,2018-02-01 07:00:00,125.65,76.66,80.63
2018-02-01 08:00:00,1.472,2018-02-01 08:00:00,124.38,75.72,79.41
2018-02-01 09:00:00,1.335,2018-02-01 09:00:00,123.76,75.2,78.74
2018-02-01 10:00:00,0.237,2018-02-01 10:00:00,122.7,74.16,77.73
2018-02-01 11:00:00,0.292,2018-02-01 11:00:00,120.29,138.98,75.27
2018-02-01 12:00:00,0.9790000000000001,2018-02-01 12:00:00,118.08,136.81,136.81
2018-02-01 13:00:00,1.3769999999999998,2018-02-01 13:00:00,109.59,128.3,128.3
2018-02-01 14:00:00,1.135,2018-02-01 14:00:00,107.95,126.59,126.59
2018-02-01 15:00:00,1.135,2018-02-01 15:00:00,107.5,126.2,126.2
2018-02-01 16:00:00,1.86,2018-02-01 16:00:00,109.04,127.7,127.7
2018-02-01 17:00:00,0.9590000000000001,2018-02-01 17:00:00,117.31,136.04,136.04
2018-02-01 18:00:00,0.767,2018-02-01 18:00:00,122.81,141.65,141.65
2018-02-01 19:00:00,0.433,2018-02-01 19:00:00,124.91,143.76,143.76
2018-02-01 20:00:00,1.047,2018-02-01 20:00:00,125.82,144.73,144.73
2018-02-01 21:00:00,0.986,2018-02-01 21:00:00,122.84,73.2,141.78
2018-02-01 22:00:00,2.315,2018-02-01 22:00:00,119.56,70.06,74.39
2018-02-01 23:00:00,2.189,2018-02-01 23:00:00,112.35,62.91,67.13
2018-02-02 00:00:00,0.7509999999999999,2018-02-02 00:00:00,109.18,59.78,56.51
2018-02-02 01:00:00,0.239,2018-02-02 01:00:00,107.26,57.89,54.64
2018-02-02 02:00:00,0.23600000000000002,2018-02-02 02:00:00,105.83,56.47,53.27
2018-02-02 03:00:00,0.273,2018-02-02 03:00:00,105.57,56.23,53.03
2018-02-02 04:00:00,0.28600000000000003,2018-02-02 04:00:00,106.48,57.2,54.01
2018-02-02 05:00:00,0.418,2018-02-02 05:00:00,109.31,60.12,56.92
2018-02-02 06:00:00,0.987,2018-02-02 06:00:00,121.02,71.58,75.88
2018-02-02 07:00:00,0.353,2018-02-02 07:00:00,122.89,73.99,77.85
2018-02-02 08:00:00,1.114,2018-02-02 08:00:00,122.31,73.65,77.32
2018-02-02 09:00:00,1.579,2018-02-02 09:00:00,121.33,72.84,76.36
2018-02-02 10:00:00,0.551,2018-02-02 10:00:00,117.44,69.06,72.45
2018-02-02 11:00:00,1.0659999999999998,2018-02-02 11:00:00,117.19,135.92,72.21
2018-02-02 12:00:00,1.047,2018-02-02 12:00:00,114.9,133.55,133.55
2018-02-02 13:00:00,2.485,2018-02-02 13:00:00,107.81,126.45,126.45
2018-02-02 14:00:00,2.85,2018-02-02 14:00:00,106.87,125.56,125.56
2018-02-02 15:00:00,0.852,2018-02-02 15:00:00,107.9,126.54,126.54
2018-02-02 16:00:00,1.739,2018-02-02 16:00:00,114.96,133.66,133.66
2018-02-02 17:00:00,0.816,2018-02-02 17:00:00,122.03,140.78,140.78
2018-02-02 18:00:00,0.693,2018-02-02 18:00:00,125.28,144.06,144.06
2018-02-02 19:00:00,0.379,2018-02-02 19:00:00,126.52,145.37,145.37
2018-02-02 20:00:00,0.603,2018-02-02 20:00:00,126.94,145.86,145.86
2018-02-02 21:00:00,0.93,2018-02-02 21:00:00,127.6,77.69,146.58
2018-02-02 22:00:00,1.964,2018-02-02 22:00:00,127.3,77.47,82.22
2018-02-02 23:00:00,1.8090000000000002,2018-02-02 23:00:00,128.27,77.99,83.1
2018-02-03 00:00:00,1.127,2018-02-03 00:00:00,123.64,73.51,69.71
2018-02-03 01:00:00,0.5329999999999999,2018-02-03 01:00:00,113.16,63.4,59.93
2018-02-03 02:00:00,0.268,2018-02-03 02:00:00,111.7,61.91,58.5
2018-02-03 03:00:00,0.28800000000000003,2018-02-03 03:00:00,111.45,61.67,58.22
2018-02-03 04:00:00,0.231,2018-02-03 04:00:00,111.55,61.81,58.4
2018-02-03 05:00:00,0.23199999999999998,2018-02-03 05:00:00,111.44,61.82,58.4
2018-02-03 06:00:00,0.409,2018-02-03 06:00:00,112.94,63.3,67.72
2018-02-03 07:00:00,0.289,2018-02-03 07:00:00,111.57,62.34,66.39
2018-02-03 08:00:00,0.23800000000000002,2018-02-03 08:00:00,116.78,67.46,71.62
2018-02-03 09:00:00,0.317,2018-02-03 09:00:00,121.4,72.14,76.31
2018-02-03 10:00:00,2.782,2018-02-03 10:00:00,116.55,67.48,71.39
2018-02-03 11:00:00,2.457,2018-02-03 11:00:00,111.18,129.9,66.02
2018-02-03 12:00:00,2.0,2018-02-03 12:00:00,111.31,130.04,130.04
2018-02-03 13:00:00,0.7879999999999999,2018-02-03 13:00:00,108.79,127.54,127.54
2018-02-03 14:00:00,2.028,2018-02-03 14:00:00,108.76,127.57,127.57
2018-02-03 15:00:00,0.6559999999999999,2018-02-03 15:00:00,108.34,127.14,127.14
2018-02-03 16:00:00,1.913,2018-02-03 16:00:00,112.84,131.68,131.68
2018-02-03 17:00:00,0.9670000000000001,2018-02-03 17:00:00,117.18,136.07,136.07
2018-02-03 18:00:00,0.593,2018-02-03 18:00:00,125.53,144.44,144.44
2018-02-03 19:00:00,0.446,2018-02-03 19:00:00,126.48,145.46,145.46
2018-02-03 20:00:00,0.63,2018-02-03 20:00:00,126.72,145.69,145.69
2018-02-03 21:00:00,0.358,2018-02-03 21:00:00,124.48,74.5,143.56
2018-02-03 22:00:00,0.624,2018-02-03 22:00:00,120.15,70.3,74.95
2018-02-03 23:00:00,1.466,2018-02-03 23:00:00,119.69,69.68,74.44
2018-02-04 00:00:00,1.4240000000000002,2018-02-04 00:00:00,113.75,63.9,60.38
2018-02-04 01:00:00,0.7070000000000001,2018-02-04 01:00:00,112.91,62.99,59.46
2018-02-04 02:00:00,0.231,2018-02-04 02:00:00,111.99,62.12,58.57
2018-02-04 03:00:00,0.23199999999999998,2018-02-04 03:00:00,112.07,62.2,58.64
2018-02-04 04:00:00,0.446,2018-02-04 04:00:00,112.92,63.01,59.52
2018-02-04 05:00:00,0.196,2018-02-04 05:00:00,112.61,62.77,59.28
2018-02-04 06:00:00,0.10099999999999999,2018-02-04 06:00:00,112.83,63.03,67.56
2018-02-04 07:00:00,0.10300000000000001,2018-02-04 07:00:00,112.16,62.62,66.91
2018-02-04 08:00:00,0.317,2018-02-04 08:00:00,120.04,70.2,74.8
2018-02-04 09:00:00,0.754,2018-02-04 09:00:00,126.04,76.13,80.87
2018-02-04 10:00:00,2.117,2018-02-04 10:00:00,126.04,76.13,80.88
2018-02-04 11:00:00,2.5669999999999997,2018-02-04 11:00:00,124.49,143.45,79.34
2018-02-04 12:00:00,2.6460000000000004,2018-02-04 12:00:00,125.91,144.88,144.88
2018-02-04 13:00:00,4.698,2018-02-04 13:00:00,125.85,144.82,144.82
2018-02-04 14:00:00,6.367999999999999,2018-02-04 14:00:00,122.15,141.14,141.14
2018-02-04 15:00:00,3.057,2018-02-04 15:00:00,119.66,138.63,138.63
2018-02-04 16:00:00,3.6910000000000003,2018-02-04 16:00:00,121.31,140.3,140.3
2018-02-04 17:00:00,2.3369999999999997,2018-02-04 17:00:00,125.79,144.76,144.76
2018-02-04 18:00:00,1.232,2018-02-04 18:00:00,127.63,146.62,146.62
2018-02-04 19:00:00,0.6829999999999999,2018-02-04 19:00:00,130.17,149.19,149.19
2018-02-04 20:00:00,2.862,2018-02-04 20:00:00,130.46,149.47,149.47
2018-02-04 21:00:00,1.128,2018-02-04 21:00:00,129.32,79.2,148.39
2018-02-04 22:00:00,0.718,2018-02-04 22:00:00,127.23,77.19,82.04
2018-02-04 23:00:00,1.672,2018-02-04 23:00:00,128.68,78.25,83.48
2018-02-05 00:00:00,2.519,2018-02-05 00:00:00,119.01,68.92,65.23
2018-02-05 01:00:00,1.85,2018-02-05 01:00:00,113.22,63.34,59.79
2018-02-05 02:00:00,0.304,2018-02-05 02:00:00,112.76,62.86,59.32
2018-02-05 03:00:00,0.239,2018-02-05 03:00:00,112.68,62.78,59.25
2018-02-05 04:00:00,0.24,2018-02-05 04:00:00,112.11,62.4,58.97
2018-02-05 05:00:00,0.16899999999999998,2018-02-05 05:00:00,116.92,67.34,63.94
2018-02-05 06:00:00,1.686,2018-02-05 06:00:00,126.87,77.27,81.78
2018-02-05 07:00:00,0.868,2018-02-05 07:00:00,125.81,76.81,80.72
2018-02-05 08:00:00,0.39899999999999997,2018-02-05 08:00:00,126.87,78.06,81.9
2018-02-05 09:00:00,0.607,2018-02-05 09:00:00,125.74,77.04,80.72
2018-02-05 10:00:00,0.22899999999999998,2018-02-05 10:00:00,124.18,75.6,79.17
2018-02-05 11:00:00,0.261,2018-02-05 11:00:00,122.38,141.08,77.38
2018-02-05 12:00:00,0.27399999999999997,2018-02-05 12:00:00,122.66,141.42,141.42
2018-02-05 13:00:00,0.32,2018-02-05 13:00:00,121.19,139.95,139.95
2018-02-05 14:00:00,0.884,2018-02-05 14:00:00,116.94,135.66,135.66
2018-02-05 15:00:00,1.0,2018-02-05 15:00:00,116.41,135.13,135.13
2018-02-05 16:00:00,1.546,2018-02-05 16:00:00,120.11,138.79,138.79
2018-02-05 17:00:00,1.358,2018-02-05 17:00:00,122.53,141.23,141.23
2018-02-05 18:00:00,0.524,2018-02-05 18:00:00,125.08,143.8,143.8
2018-02-05 19:00:00,0.693,2018-02-05 19:00:00,127.42,146.29,146.29
2018-02-05 20:00:00,0.693,2018-02-05 20:00:00,127.55,146.48,146.48
2018-02-05 21:00:00,0.934,2018-02-05 21:00:00,126.5,76.78,145.41
2018-02-05 22:00:00,1.882,2018-02-05 22:00:00,116.08,66.78,70.91
2018-02-05 23:00:00,1.5390000000000001,2018-02-05 23:00:00,114.17,64.65,68.94
2018-02-06 00:00:00,0.8370000000000001,2018-02-06 00:00:00,113.43,63.78,60.39
2018-02-06 01:00:00,0.662,2018-02-06 01:00:00,111.27,61.71,58.29
2018-02-06 02:00:00,0.585,2018-02-06 02:00:00,109.44,59.92,56.56
2018-02-06 03:00:00,0.5529999999999999,2018-02-06 03:00:00,109.29,59.77,56.42
2018-02-06 04:00:00,0.546,2018-02-06 04:00:00,109.92,60.48,57.15
2018-02-06 05:00:00,0.5670000000000001,2018-02-06 05:00:00,112.03,62.72,59.45
2018-02-06 06:00:00,0.679,2018-02-06 06:00:00,124.31,74.81,79.22
2018-02-06 07:00:00,0.9520000000000001,2018-02-06 07:00:00,128.37,79.44,83.38
2018-02-06 08:00:00,1.1520000000000001,2018-02-06 08:00:00,126.61,77.89,81.6
2018-02-06 09:00:00,1.258,2018-02-06 09:00:00,123.75,75.26,78.76
2018-02-06 10:00:00,1.3530000000000002,2018-02-06 10:00:00,122.16,73.78,77.16
2018-02-06 11:00:00,1.36,2018-02-06 11:00:00,117.98,136.59,72.92
2018-02-06 12:00:00,1.3730000000000002,2018-02-06 12:00:00,117.25,135.91,135.91
2018-02-06 13:00:00,1.396,2018-02-06 13:00:00,116.53,135.19,135.19
2018-02-06 14:00:00,1.3330000000000002,2018-02-06 14:00:00,115.56,134.27,134.27
2018-02-06 15:00:00,1.266,2018-02-06 15:00:00,117.69,136.41,136.41
2018-02-06 16:00:00,1.261,2018-02-06 16:00:00,124.79,143.5,143.5
2018-02-06 17:00:00,1.319,2018-02-06 17:00:00,126.97,145.7,145.7
2018-02-06 18:00:00,1.4280000000000002,2018-02-06 18:00:00,127.77,146.57,146.57
2018-02-06 19:00:00,1.598,2018-02-06 19:00:00,128.36,147.16,147.16
2018-02-06 20:00:00,1.67,2018-02-06 20:00:00,129.14,148.08,148.08
2018-02-06 21:00:00,1.621,2018-02-06 21:00:00,127.45,77.76,146.44
2018-02-06 22:00:00,1.406,2018-02-06 22:00:00,116.99,67.66,71.83
2018-02-06 23:00:00,1.121,2018-02-06 23:00:00,116.72,67.03,71.45
2018-02-07 00:00:00,0.382,2018-02-07 00:00:00,112.76,63.14,59.78
2018-02-07 01:00:00,0.281,2018-02-07 01:00:00,110.57,60.99,57.64
2018-02-07 02:00:00,0.276,2018-02-07 02:00:00,109.83,60.29,56.97
2018-02-07 03:00:00,0.27399999999999997,2018-02-07 03:00:00,109.03,59.53,56.23
2018-02-07 04:00:00,0.327,2018-02-07 04:00:00,109.68,60.25,56.92
2018-02-07 05:00:00,0.451,2018-02-07 05:00:00,113.98,64.65,61.37
2018-02-07 06:00:00,1.8769999999999998,2018-02-07 06:00:00,127.1,77.49,82.0
2018-02-07 07:00:00,1.974,2018-02-07 07:00:00,128.32,79.24,83.31
2018-02-07 08:00:00,0.25,2018-02-07 08:00:00,128.49,79.71,83.54
2018-02-07 09:00:00,0.278,2018-02-07 09:00:00,126.54,77.97,81.55
2018-02-07 10:00:00,0.233,2018-02-07 10:00:00,125.01,76.48,80.02
2018-02-07 11:00:00,0.22699999999999998,2018-02-07 11:00:00,122.84,141.54,77.86
2018-02-07 12:00:00,0.887,2018-02-07 12:00:00,121.27,139.96,139.96
2018-02-07 13:00:00,1.756,2018-02-07 13:00:00,117.08,135.8,135.8
2018-02-07 14:00:00,0.767,2018-02-07 14:00:00,116.52,135.24,135.24
2018-02-07 15:00:00,0.9570000000000001,2018-02-07 15:00:00,119.0,137.67,137.67
2018-02-07 16:00:00,1.9180000000000001,2018-02-07 16:00:00,123.79,142.57,142.57
2018-02-07 17:00:00,1.043,2018-02-07 17:00:00,130.04,148.79,148.79
2018-02-07 18:00:00,0.815,2018-02-07 18:00:00,131.5,150.33,150.33
2018-02-07 19:00:00,1.012,2018-02-07 19:00:00,133.27,152.19,152.19
2018-02-07 20:00:00,0.925,2018-02-07 20:00:00,133.87,152.86,152.86
2018-02-07 21:00:00,1.851,2018-02-07 21:00:00,132.59,82.61,151.63
2018-02-07 22:00:00,2.1830000000000003,2018-02-07 22:00:00,129.76,79.97,84.66
2018-02-07 23:00:00,1.798,2018-02-07 23:00:00,131.58,81.35,86.47
2018-02-08 00:00:00,0.835,2018-02-08 00:00:00,125.61,75.45,71.77
2018-02-08 01:00:00,0.66,2018-02-08 01:00:00,119.32,69.45,65.83
2018-02-08 02:00:00,0.584,2018-02-08 02:00:00,118.64,68.74,65.15
2018-02-08 03:00:00,0.551,2018-02-08 03:00:00,118.55,68.65,65.01
2018-02-08 04:00:00,0.544,2018-02-08 04:00:00,118.22,68.46,64.93
2018-02-08 05:00:00,0.565,2018-02-08 05:00:00,123.88,74.13,70.58
2018-02-08 06:00:00,0.677,2018-02-08 06:00:00,129.83,80.04,84.68
2018-02-08 07:00:00,0.9490000000000001,2018-02-08 07:00:00,134.01,84.74,89.03
2018-02-08 08:00:00,1.148,2018-02-08 08:00:00,132.56,83.64,87.63
2018-02-08 09:00:00,1.254,2018-02-08 09:00:00,131.91,83.1,86.92
2018-02-08 10:00:00,1.349,2018-02-08 10:00:00,129.58,80.84,84.65
2018-02-08 11:00:00,1.355,2018-02-08 11:00:00,128.4,147.14,83.41
2018-02-08 12:00:00,1.368,2018-02-08 12:00:00,128.53,147.34,147.34
2018-02-08 13:00:00,1.391,2018-02-08 13:00:00,126.68,145.55,145.55
2018-02-08 14:00:00,1.329,2018-02-08 14:00:00,126.58,145.37,145.37
2018-02-08 15:00:00,1.262,2018-02-08 15:00:00,127.36,146.23,146.23
2018-02-08 16:00:00,1.2570000000000001,2018-02-08 16:00:00,128.84,147.65,147.65
2018-02-08 17:00:00,1.315,2018-02-08 17:00:00,139.93,158.83,158.83
2018-02-08 18:00:00,1.423,2018-02-08 18:00:00,139.99,158.97,158.97
2018-02-08 19:00:00,1.5930000000000002,2018-02-08 19:00:00,140.85,159.83,159.83
2018-02-08 20:00:00,1.665,2018-02-08 20:00:00,138.58,157.61,157.61
2018-02-08 21:00:00,1.6159999999999999,2018-02-08 21:00:00,139.05,88.73,158.15
2018-02-08 22:00:00,1.401,2018-02-08 22:00:00,137.23,86.99,92.14
2018-02-08 23:00:00,1.117,2018-02-08 23:00:00,131.84,81.54,86.73
2018-02-09 00:00:00,2.031,2018-02-09 00:00:00,129.81,79.46,75.59
2018-02-09 01:00:00,0.785,2018-02-09 01:00:00,122.36,72.29,68.59
2018-02-09 02:00:00,0.36200000000000004,2018-02-09 02:00:00,119.08,69.1,65.5
2018-02-09 03:00:00,0.41600000000000004,2018-02-09 03:00:00,118.73,68.77,65.19
2018-02-09 04:00:00,0.371,2018-02-09 04:00:00,121.77,71.79,68.16
2018-02-09 05:00:00,0.353,2018-02-09 05:00:00,127.23,77.27,73.57
2018-02-09 06:00:00,1.92,2018-02-09 06:00:00,131.32,81.47,86.23
2018-02-09 07:00:00,1.34,2018-02-09 07:00:00,135.13,85.82,90.15
2018-02-09 08:00:00,0.243,2018-02-09 08:00:00,135.76,86.67,90.83
2018-02-09 09:00:00,0.22399999999999998,2018-02-09 09:00:00,133.94,85.06,89.03
2018-02-09 10:00:00,0.313,2018-02-09 10:00:00,131.84,83.02,86.91
2018-02-09 11:00:00,1.4069999999999998,2018-02-09 11:00:00,132.02,150.86,87.1
2018-02-09 12:00:00,1.972,2018-02-09 12:00:00,132.28,151.04,151.04
2018-02-09 13:00:00,1.536,2018-02-09 13:00:00,129.91,148.73,148.73
2018-02-09 14:00:00,1.6740000000000002,2018-02-09 14:00:00,127.11,145.98,145.98
2018-02-09 15:00:00,1.819,2018-02-09 15:00:00,125.28,144.06,144.06
2018-02-09 16:00:00,2.274,2018-02-09 16:00:00,122.39,141.15,141.15
2018-02-09 17:00:00,2.87,2018-02-09 17:00:00,123.19,141.96,141.96
2018-02-09 18:00:00,3.11,2018-02-09 18:00:00,128.0,146.8,146.8
2018-02-09 19:00:00,2.905,2018-02-09 19:00:00,129.92,148.8,148.8
2018-02-09 20:00:00,1.2690000000000001,2018-02-09 20:00:00,129.77,148.72,148.72
2018-02-09 21:00:00,2.5540000000000003,2018-02-09 21:00:00,126.86,76.98,145.84
2018-02-09 22:00:00,2.948,2018-02-09 22:00:00,119.29,69.79,74.17
2018-02-09 23:00:00,3.3539999999999996,2018-02-09 23:00:00,117.47,67.68,72.24
2018-02-10 00:00:00,0.897,2018-02-10 00:00:00,115.44,65.69,62.15
2018-02-10 01:00:00,0.726,2018-02-10 01:00:00,113.27,63.51,60.04
2018-02-10 02:00:00,0.626,2018-02-10 02:00:00,112.33,62.51,59.07
2018-02-10 03:00:00,0.573,2018-02-10 03:00:00,111.2,61.42,57.98
2018-02-10 04:00:00,0.552,2018-02-10 04:00:00,112.01,62.25,58.82
2018-02-10 05:00:00,0.5529999999999999,2018-02-10 05:00:00,112.38,62.71,59.27
2018-02-10 06:00:00,0.588,2018-02-10 06:00:00,115.77,66.01,70.57
2018-02-10 07:00:00,0.669,2018-02-10 07:00:00,114.12,64.78,68.96
2018-02-10 08:00:00,0.85,2018-02-10 08:00:00,119.58,70.14,74.44
2018-02-10 09:00:00,1.102,2018-02-10 09:00:00,126.84,77.38,81.78
2018-02-10 10:00:00,1.29,2018-02-10 10:00:00,118.46,69.33,73.31
2018-02-10 11:00:00,1.33,2018-02-10 11:00:00,113.89,132.64,68.75
2018-02-10 12:00:00,1.337,2018-02-10 12:00:00,112.25,130.98,130.98
2018-02-10 13:00:00,1.379,2018-02-10 13:00:00,111.6,130.38,130.38
2018-02-10 14:00:00,1.3430000000000002,2018-02-10 14:00:00,108.35,127.15,127.15
2018-02-10 15:00:00,1.227,2018-02-10 15:00:00,108.21,127.0,127.0
2018-02-10 16:00:00,1.1540000000000001,2018-02-10 16:00:00,109.89,128.71,128.71
2018-02-10 17:00:00,1.139,2018-02-10 17:00:00,122.72,141.66,141.66
2018-02-10 18:00:00,1.212,2018-02-10 18:00:00,133.89,152.87,152.87
2018-02-10 19:00:00,1.3230000000000002,2018-02-10 19:00:00,136.02,155.1,155.1
2018-02-10 20:00:00,1.399,2018-02-10 20:00:00,136.19,155.26,155.26
2018-02-10 21:00:00,1.409,2018-02-10 21:00:00,131.9,81.59,151.06
2018-02-10 22:00:00,1.274,2018-02-10 22:00:00,130.61,80.29,85.47
2018-02-10 23:00:00,1.093,2018-02-10 23:00:00,119.79,69.77,74.54
2018-02-11 00:00:00,0.873,2018-02-11 00:00:00,116.39,66.42,62.81
2018-02-11 01:00:00,0.7120000000000001,2018-02-11 01:00:00,113.92,63.96,60.39
2018-02-11 02:00:00,0.609,2018-02-11 02:00:00,112.87,62.96,59.37
2018-02-11 03:00:00,0.555,2018-02-11 03:00:00,111.89,62.03,58.48
2018-02-11 04:00:00,0.531,2018-02-11 04:00:00,111.39,61.56,58.12
2018-02-11 05:00:00,0.527,2018-02-11 05:00:00,111.62,61.83,58.37
2018-02-11 06:00:00,0.544,2018-02-11 06:00:00,112.46,62.68,67.18
2018-02-11 07:00:00,0.59,2018-02-11 07:00:00,111.95,62.42,66.69
2018-02-11 08:00:00,0.705,2018-02-11 08:00:00,112.41,62.91,67.13
2018-02-11 09:00:00,0.912,2018-02-11 09:00:00,115.12,65.68,69.89
2018-02-11 10:00:00,1.101,2018-02-11 10:00:00,114.76,65.34,69.54
2018-02-11 11:00:00,1.185,2018-02-11 11:00:00,114.0,132.85,68.8
2018-02-11 12:00:00,1.212,2018-02-11 12:00:00,116.75,135.63,135.63
2018-02-11 13:00:00,1.262,2018-02-11 13:00:00,113.43,132.28,132.28
2018-02-11 14:00:00,1.245,2018-02-11 14:00:00,111.11,129.98,129.98
2018-02-11 15:00:00,1.123,2018-02-11 15:00:00,110.61,129.48,129.48
2018-02-11 16:00:00,1.056,2018-02-11 16:00:00,110.7,129.57,129.57
2018-02-11 17:00:00,1.044,2018-02-11 17:00:00,115.02,133.89,133.89
2018-02-11 18:00:00,1.149,2018-02-11 18:00:00,129.87,148.88,148.88
2018-02-11 19:00:00,1.319,2018-02-11 19:00:00,131.18,150.2,150.2
2018-02-11 20:00:00,1.4340000000000002,2018-02-11 20:00:00,132.38,151.42,151.42
2018-02-11 21:00:00,1.435,2018-02-11 21:00:00,132.37,82.11,151.47
2018-02-11 22:00:00,1.25,2018-02-11 22:00:00,124.38,74.47,79.18
2018-02-11 23:00:00,1.014,2018-02-11 23:00:00,113.46,63.75,68.18
2018-02-12 00:00:00,0.619,2018-02-12 00:00:00,111.66,61.92,58.46
2018-02-12 01:00:00,0.494,2018-02-12 01:00:00,110.76,61.01,57.54
2018-02-12 02:00:00,0.435,2018-02-12 02:00:00,107.8,58.14,54.76
2018-02-12 03:00:00,0.409,2018-02-12 03:00:00,107.63,57.98,54.61
2018-02-12 04:00:00,0.40299999999999997,2018-02-12 04:00:00,108.62,59.08,55.75
2018-02-12 05:00:00,0.418,2018-02-12 05:00:00,114.91,65.43,62.08
2018-02-12 06:00:00,0.501,2018-02-12 06:00:00,126.16,76.59,81.07
2018-02-12 07:00:00,0.695,2018-02-12 07:00:00,125.93,76.93,80.84
2018-02-12 08:00:00,0.8440000000000001,2018-02-12 08:00:00,126.26,77.47,81.29
2018-02-12 09:00:00,0.932,2018-02-12 09:00:00,125.96,77.26,80.94
2018-02-12 10:00:00,1.0090000000000001,2018-02-12 10:00:00,124.7,76.1,79.68
2018-02-12 11:00:00,1.02,2018-02-12 11:00:00,123.63,142.33,78.63
2018-02-12 12:00:00,1.0290000000000001,2018-02-12 12:00:00,123.33,142.1,142.1
2018-02-12 13:00:00,1.047,2018-02-12 13:00:00,123.83,142.6,142.6
2018-02-12 14:00:00,0.996,2018-02-12 14:00:00,118.98,137.71,137.71
2018-02-12 15:00:00,0.9420000000000001,2018-02-12 15:00:00,118.05,136.78,136.78
2018-02-12 16:00:00,0.937,2018-02-12 16:00:00,121.97,140.66,140.66
2018-02-12 17:00:00,0.977,2018-02-12 17:00:00,125.04,143.76,143.76
2018-02-12 18:00:00,1.053,2018-02-12 18:00:00,128.72,147.46,147.46
2018-02-12 19:00:00,1.183,2018-02-12 19:00:00,130.76,149.65,149.65
2018-02-12 20:00:00,1.238,2018-02-12 20:00:00,131.77,150.74,150.74
2018-02-12 21:00:00,1.205,2018-02-12 21:00:00,130.47,80.58,149.42
2018-02-12 22:00:00,1.042,2018-02-12 22:00:00,129.37,79.53,84.27
2018-02-12 23:00:00,0.828,2018-02-12 23:00:00,130.14,79.91,85.01
2018-02-13 00:00:00,1.379,2018-02-13 00:00:00,116.96,67.14,63.65
2018-02-13 01:00:00,0.222,2018-02-13 01:00:00,111.87,62.29,58.85
2018-02-13 02:00:00,0.106,2018-02-13 02:00:00,110.37,60.8,57.42
2018-02-13 03:00:00,0.134,2018-02-13 03:00:00,109.12,59.61,56.26
2018-02-13 04:00:00,0.157,2018-02-13 04:00:00,109.05,59.65,56.34
2018-02-13 05:00:00,0.11,2018-02-13 05:00:00,111.28,62.01,58.76
2018-02-13 06:00:00,1.754,2018-02-13 06:00:00,123.66,74.19,78.57
2018-02-13 07:00:00,1.8869999999999998,2018-02-13 07:00:00,125.62,76.77,80.62
2018-02-13 08:00:00,0.19699999999999998,2018-02-13 08:00:00,125.29,76.61,80.27
2018-02-13 09:00:00,0.141,2018-02-13 09:00:00,123.07,74.6,78.07
2018-02-13 10:00:00,0.094,2018-02-13 10:00:00,114.94,66.77,69.92
2018-02-13 11:00:00,0.09300000000000001,2018-02-13 11:00:00,111.5,130.06,66.42
2018-02-13 12:00:00,0.092,2018-02-13 12:00:00,111.71,130.33,130.33
2018-02-13 13:00:00,0.142,2018-02-13 13:00:00,107.89,126.49,126.49
2018-02-13 14:00:00,0.311,2018-02-13 14:00:00,106.55,125.19,125.19
2018-02-13 15:00:00,0.508,2018-02-13 15:00:00,107.89,126.54,126.54
2018-02-13 16:00:00,1.422,2018-02-13 16:00:00,112.33,130.96,130.96
2018-02-13 17:00:00,0.782,2018-02-13 17:00:00,117.3,135.96,135.96
2018-02-13 18:00:00,1.005,2018-02-13 18:00:00,125.03,143.81,143.81
2018-02-13 19:00:00,0.606,2018-02-13 19:00:00,127.51,146.31,146.31
2018-02-13 20:00:00,0.608,2018-02-13 20:00:00,128.23,147.17,147.17
2018-02-13 21:00:00,2.119,2018-02-13 21:00:00,126.07,76.43,145.04
2018-02-13 22:00:00,2.47,2018-02-13 22:00:00,113.86,64.66,68.68
2018-02-13 23:00:00,2.384,2018-02-13 23:00:00,109.04,59.7,63.73
2018-02-14 00:00:00,0.657,2018-02-14 00:00:00,107.27,57.9,54.7
2018-02-14 01:00:00,0.26899999999999996,2018-02-14 01:00:00,104.95,55.64,52.46
2018-02-14 02:00:00,0.299,2018-02-14 02:00:00,101.51,52.36,49.28
2018-02-14 03:00:00,0.243,2018-02-14 03:00:00,101.54,52.39,49.31
2018-02-14 04:00:00,0.242,2018-02-14 04:00:00,102.81,53.7,50.57
2018-02-14 05:00:00,0.266,2018-02-14 05:00:00,109.54,60.4,57.24
2018-02-14 06:00:00,1.002,2018-02-14 06:00:00,115.89,66.72,70.74
2018-02-14 07:00:00,1.0070000000000001,2018-02-14 07:00:00,123.85,74.92,78.82
2018-02-14 08:00:00,0.295,2018-02-14 08:00:00,120.78,72.24,75.8
2018-02-14 09:00:00,0.78,2018-02-14 09:00:00,119.71,71.34,74.69
2018-02-14 10:00:00,1.11,2018-02-14 10:00:00,112.97,64.81,67.94
2018-02-14 11:00:00,1.24,2018-02-14 11:00:00,110.18,128.79,65.15
2018-02-14 12:00:00,1.218,2018-02-14 12:00:00,109.42,128.03,128.03
2018-02-14 13:00:00,1.23,2018-02-14 13:00:00,108.12,126.77,126.77
2018-02-14 14:00:00,2.967,2018-02-14 14:00:00,107.4,126.05,126.05
2018-02-14 15:00:00,1.23,2018-02-14 15:00:00,108.12,126.71,126.71
2018-02-14 16:00:00,1.318,2018-02-14 16:00:00,107.68,126.33,126.33
2018-02-14 17:00:00,0.6579999999999999,2018-02-14 17:00:00,115.23,133.88,133.88
2018-02-14 18:00:00,0.54,2018-02-14 18:00:00,124.94,143.72,143.72
2018-02-14 19:00:00,0.475,2018-02-14 19:00:00,127.23,146.09,146.09
2018-02-14 20:00:00,1.273,2018-02-14 20:00:00,127.81,146.74,146.74
2018-02-14 21:00:00,2.9539999999999997,2018-02-14 21:00:00,124.77,75.12,143.73
2018-02-14 22:00:00,0.95,2018-02-14 22:00:00,111.15,62.11,65.96
2018-02-14 23:00:00,1.669,2018-02-14 23:00:00,108.71,59.49,63.48
2018-02-15 00:00:00,2.681,2018-02-15 00:00:00,107.96,58.62,55.43
2018-02-15 01:00:00,0.499,2018-02-15 01:00:00,105.49,56.25,53.05
2018-02-15 02:00:00,0.249,2018-02-15 02:00:00,105.4,56.11,52.92
2018-02-15 03:00:00,0.25,2018-02-15 03:00:00,105.73,56.42,53.18
2018-02-15 04:00:00,0.298,2018-02-15 04:00:00,107.86,58.57,55.34
2018-02-15 05:00:00,0.264,2018-02-15 05:00:00,110.14,60.98,57.8
2018-02-15 06:00:00,0.86,2018-02-15 06:00:00,120.68,71.26,75.49
2018-02-15 07:00:00,0.374,2018-02-15 07:00:00,123.03,74.13,78.0
2018-02-15 08:00:00,1.419,2018-02-15 08:00:00,123.36,74.73,78.39
2018-02-15 09:00:00,1.124,2018-02-15 09:00:00,123.15,74.6,78.12
2018-02-15 10:00:00,0.23600000000000002,2018-02-15 10:00:00,122.99,74.45,78.03
2018-02-15 11:00:00,0.257,2018-02-15 11:00:00,121.93,140.62,76.91
2018-02-15 12:00:00,3.3939999999999997,2018-02-15 12:00:00,123.4,142.17,142.17
2018-02-15 13:00:00,2.715,2018-02-15 13:00:00,123.52,142.36,142.36
2018-02-15 14:00:00,2.3040000000000003,2018-02-15 14:00:00,124.27,143.04,143.04
2018-02-15 15:00:00,1.254,2018-02-15 15:00:00,124.25,143.09,143.09
2018-02-15 16:00:00,1.564,2018-02-15 16:00:00,124.32,143.09,143.09
2018-02-15 17:00:00,0.34600000000000003,2018-02-15 17:00:00,125.21,144.0,144.0
2018-02-15 18:00:00,0.3720000000000001,2018-02-15 18:00:00,128.55,147.43,147.43
2018-02-15 19:00:00,0.552,2018-02-15 19:00:00,130.88,149.77,149.77
2018-02-15 20:00:00,1.1440000000000001,2018-02-15 20:00:00,131.93,150.9,150.9
2018-02-15 21:00:00,1.61,2018-02-15 21:00:00,130.21,80.26,149.22
2018-02-15 22:00:00,2.4,2018-02-15 22:00:00,128.56,78.68,83.43
2018-02-15 23:00:00,2.22,2018-02-15 23:00:00,129.95,79.73,84.83
2018-02-16 00:00:00,0.633,2018-02-16 00:00:00,129.73,79.39,75.52
2018-02-16 01:00:00,0.506,2018-02-16 01:00:00,126.41,76.15,72.33
2018-02-16 02:00:00,0.442,2018-02-16 02:00:00,121.55,71.45,67.78
2018-02-16 03:00:00,0.415,2018-02-16 03:00:00,119.7,69.69,66.07
2018-02-16 04:00:00,0.409,2018-02-16 04:00:00,123.48,73.42,69.74
2018-02-16 05:00:00,0.424,2018-02-16 05:00:00,128.97,78.93,75.19
2018-02-16 06:00:00,0.506,2018-02-16 06:00:00,128.84,79.09,83.74
2018-02-16 07:00:00,0.703,2018-02-16 07:00:00,127.44,78.39,82.42
2018-02-16 08:00:00,0.858,2018-02-16 08:00:00,126.54,77.74,81.57
2018-02-16 09:00:00,0.9440000000000001,2018-02-16 09:00:00,125.88,77.24,80.93
2018-02-16 10:00:00,1.01,2018-02-16 10:00:00,124.94,76.34,79.99
2018-02-16 11:00:00,1.015,2018-02-16 11:00:00,123.99,142.76,79.04
2018-02-16 12:00:00,1.021,2018-02-16 12:00:00,124.3,143.01,143.01
2018-02-16 13:00:00,1.037,2018-02-16 13:00:00,124.26,143.03,143.03
2018-02-16 14:00:00,0.998,2018-02-16 14:00:00,123.38,142.22,142.22
2018-02-16 15:00:00,0.9540000000000001,2018-02-16 15:00:00,124.49,143.27,143.27
2018-02-16 16:00:00,0.9440000000000001,2018-02-16 16:00:00,124.42,143.19,143.19
2018-02-16 17:00:00,0.975,2018-02-16 17:00:00,125.19,143.97,143.97
2018-02-16 18:00:00,1.041,2018-02-16 18:00:00,127.98,146.78,146.78
2018-02-16 19:00:00,1.14,2018-02-16 19:00:00,128.59,147.46,147.46
2018-02-16 20:00:00,1.166,2018-02-16 20:00:00,129.66,148.61,148.61
2018-02-16 21:00:00,1.147,2018-02-16 21:00:00,130.52,80.49,149.53
2018-02-16 22:00:00,1.026,2018-02-16 22:00:00,130.7,80.73,85.64
2018-02-16 23:00:00,0.86,2018-02-16 23:00:00,131.73,81.29,86.58
2018-02-17 00:00:00,0.5579999999999999,2018-02-17 00:00:00,131.28,80.79,76.77
2018-02-17 01:00:00,0.251,2018-02-17 01:00:00,128.52,78.03,74.1
2018-02-17 02:00:00,0.203,2018-02-17 02:00:00,121.11,70.85,67.15
2018-02-17 03:00:00,0.166,2018-02-17 03:00:00,116.8,66.75,63.13
2018-02-17 04:00:00,0.139,2018-02-17 04:00:00,113.67,63.83,60.35
2018-02-17 05:00:00,0.11199999999999999,2018-02-17 05:00:00,112.53,62.86,59.41
2018-02-17 06:00:00,0.105,2018-02-17 06:00:00,113.05,63.41,67.84
2018-02-17 07:00:00,0.168,2018-02-17 07:00:00,112.03,62.78,66.85
2018-02-17 08:00:00,1.2790000000000001,2018-02-17 08:00:00,116.9,67.58,71.74
2018-02-17 09:00:00,1.348,2018-02-17 09:00:00,125.8,76.37,80.73
2018-02-17 10:00:00,0.24,2018-02-17 10:00:00,115.8,66.76,70.64
2018-02-17 11:00:00,0.264,2018-02-17 11:00:00,111.43,130.15,66.28
2018-02-17 12:00:00,0.287,2018-02-17 12:00:00,111.54,130.27,130.27
2018-02-17 13:00:00,0.22899999999999998,2018-02-17 13:00:00,109.78,128.54,128.54
2018-02-17 14:00:00,0.23600000000000002,2018-02-17 14:00:00,109.34,128.15,128.15
2018-02-17 15:00:00,0.26899999999999996,2018-02-17 15:00:00,108.08,126.88,126.88
2018-02-17 16:00:00,0.28300000000000003,2018-02-17 16:00:00,110.35,129.16,129.16
2018-02-17 17:00:00,0.23199999999999998,2018-02-17 17:00:00,115.44,134.31,134.31
2018-02-17 18:00:00,0.402,2018-02-17 18:00:00,124.01,142.9,142.9
2018-02-17 19:00:00,0.287,2018-02-17 19:00:00,127.61,146.6,146.6
2018-02-17 20:00:00,0.263,2018-02-17 20:00:00,127.84,146.83,146.83
2018-02-17 21:00:00,0.233,2018-02-17 21:00:00,123.85,73.9,142.92
2018-02-17 22:00:00,0.5489999999999999,2018-02-17 22:00:00,123.31,73.32,78.13
2018-02-17 23:00:00,2.8310000000000004,2018-02-17 23:00:00,125.7,75.41,80.48
2018-02-18 00:00:00,1.389,2018-02-18 00:00:00,117.1,67.09,63.46
2018-02-18 01:00:00,0.444,2018-02-18 01:00:00,113.99,64.02,60.45
2018-02-18 02:00:00,0.263,2018-02-18 02:00:00,112.88,62.97,59.38
2018-02-18 03:00:00,0.302,2018-02-18 03:00:00,112.68,62.78,59.2
2018-02-18 04:00:00,0.253,2018-02-18 04:00:00,113.12,63.2,59.7
2018-02-18 05:00:00,0.242,2018-02-18 05:00:00,113.15,63.28,59.78
2018-02-18 06:00:00,0.265,2018-02-18 06:00:00,113.93,64.08,68.66
2018-02-18 07:00:00,0.5,2018-02-18 07:00:00,113.22,63.63,67.97
2018-02-18 08:00:00,0.23800000000000002,2018-02-18 08:00:00,115.68,66.04,70.41
2018-02-18 09:00:00,1.044,2018-02-18 09:00:00,119.1,69.49,73.89
2018-02-18 10:00:00,2.079,2018-02-18 10:00:00,123.03,73.25,77.85
2018-02-18 11:00:00,1.565,2018-02-18 11:00:00,118.62,137.52,73.44
2018-02-18 12:00:00,2.825,2018-02-18 12:00:00,123.53,142.47,142.47
2018-02-18 13:00:00,2.615,2018-02-18 13:00:00,119.38,138.28,138.28
2018-02-18 14:00:00,1.854,2018-02-18 14:00:00,114.53,133.45,133.45
2018-02-18 15:00:00,1.709,2018-02-18 15:00:00,112.17,131.06,131.06
2018-02-18 16:00:00,0.7609999999999999,2018-02-18 16:00:00,114.51,133.42,133.42
2018-02-18 17:00:00,0.67,2018-02-18 17:00:00,123.51,142.45,142.45
2018-02-18 18:00:00,0.547,2018-02-18 18:00:00,128.8,147.81,147.81
2018-02-18 19:00:00,1.0190000000000001,2018-02-18 19:00:00,130.01,149.02,149.02
2018-02-18 20:00:00,1.035,2018-02-18 20:00:00,130.64,149.66,149.66
2018-02-18 21:00:00,1.143,2018-02-18 21:00:00,131.31,81.1,150.39
2018-02-18 22:00:00,1.4580000000000002,2018-02-18 22:00:00,129.54,79.4,84.36
2018-02-18 23:00:00,0.826,2018-02-18 23:00:00,129.17,78.72,83.98
2018-02-19 00:00:00,2.0780000000000003,2018-02-19 00:00:00,118.48,68.4,64.73
2018-02-19 01:00:00,1.425,2018-02-19 01:00:00,114.52,64.58,60.98
2018-02-19 02:00:00,0.371,2018-02-19 02:00:00,114.33,64.35,60.76
2018-02-19 03:00:00,0.392,2018-02-19 03:00:00,114.3,64.32,60.74
2018-02-19 04:00:00,0.41600000000000004,2018-02-19 04:00:00,114.13,64.33,60.83
2018-02-19 05:00:00,0.39,2018-02-19 05:00:00,121.29,71.52,68.0
2018-02-19 06:00:00,1.7280000000000002,2018-02-19 06:00:00,127.42,77.8,82.34
2018-02-19 07:00:00,1.085,2018-02-19 07:00:00,126.55,77.54,81.47
2018-02-19 08:00:00,0.612,2018-02-19 08:00:00,125.87,77.09,80.9
2018-02-19 09:00:00,0.8759999999999999,2018-02-19 09:00:00,125.04,76.36,80.02
2018-02-19 10:00:00,0.465,2018-02-19 10:00:00,124.39,75.81,79.38
2018-02-19 11:00:00,0.41,2018-02-19 11:00:00,123.55,142.25,78.55
2018-02-19 12:00:00,0.415,2018-02-19 12:00:00,124.23,143.01,143.01
2018-02-19 13:00:00,0.452,2018-02-19 13:00:00,124.07,142.85,142.85
2018-02-19 14:00:00,0.469,2018-02-19 14:00:00,123.31,142.08,142.08
2018-02-19 15:00:00,1.004,2018-02-19 15:00:00,120.58,139.32,139.32
2018-02-19 16:00:00,1.771,2018-02-19 16:00:00,123.48,142.19,142.19
2018-02-19 17:00:00,1.069,2018-02-19 17:00:00,126.22,144.94,144.94
2018-02-19 18:00:00,1.291,2018-02-19 18:00:00,126.43,145.15,145.15
2018-02-19 19:00:00,0.478,2018-02-19 19:00:00,126.02,144.87,144.87
2018-02-19 20:00:00,0.496,2018-02-19 20:00:00,126.75,145.68,145.68
2018-02-19 21:00:00,0.541,2018-02-19 21:00:00,123.99,74.37,142.88
2018-02-19 22:00:00,1.5190000000000001,2018-02-19 22:00:00,118.66,69.26,73.51
2018-02-19 23:00:00,2.177,2018-02-19 23:00:00,119.01,69.28,73.82
2018-02-20 00:00:00,0.616,2018-02-20 00:00:00,114.74,65.02,61.6
2018-02-20 01:00:00,0.486,2018-02-20 01:00:00,109.46,59.99,56.63
2018-02-20 02:00:00,0.43,2018-02-20 02:00:00,109.57,60.04,56.68
2018-02-20 03:00:00,0.406,2018-02-20 03:00:00,109.09,59.58,56.23
2018-02-20 04:00:00,0.401,2018-02-20 04:00:00,109.63,60.21,56.88
2018-02-20 05:00:00,0.41700000000000004,2018-02-20 05:00:00,114.32,64.92,61.58
2018-02-20 06:00:00,0.499,2018-02-20 06:00:00,127.51,77.88,82.43
2018-02-20 07:00:00,0.7,2018-02-20 07:00:00,127.28,78.37,82.28
2018-02-20 08:00:00,0.847,2018-02-20 08:00:00,125.89,77.19,80.87
2018-02-20 09:00:00,0.925,2018-02-20 09:00:00,123.13,74.66,78.13
2018-02-20 10:00:00,0.995,2018-02-20 10:00:00,118.94,70.65,73.93
2018-02-20 11:00:00,1.0,2018-02-20 11:00:00,115.79,134.38,70.72
2018-02-20 12:00:00,1.0090000000000001,2018-02-20 12:00:00,114.06,132.7,132.7
2018-02-20 13:00:00,1.026,2018-02-20 13:00:00,113.55,132.19,132.19
2018-02-20 14:00:00,0.98,2018-02-20 14:00:00,113.0,131.68,131.68
2018-02-20 15:00:00,0.9309999999999999,2018-02-20 15:00:00,113.07,131.76,131.76
2018-02-20 16:00:00,0.927,2018-02-20 16:00:00,116.4,135.05,135.05
2018-02-20 17:00:00,0.97,2018-02-20 17:00:00,123.28,141.98,141.98
2018-02-20 18:00:00,1.0490000000000002,2018-02-20 18:00:00,124.08,142.85,142.85
2018-02-20 19:00:00,1.175,2018-02-20 19:00:00,125.15,143.93,143.93
2018-02-20 20:00:00,1.228,2018-02-20 20:00:00,123.9,142.8,142.8
2018-02-20 21:00:00,1.192,2018-02-20 21:00:00,116.72,67.46,135.61
2018-02-20 22:00:00,1.033,2018-02-20 22:00:00,110.98,61.9,65.79
2018-02-20 23:00:00,0.8240000000000001,2018-02-20 23:00:00,109.58,60.21,64.27
2018-02-21 00:00:00,1.0290000000000001,2018-02-21 00:00:00,105.58,56.29,53.13
2018-02-21 01:00:00,0.17300000000000001,2018-02-21 01:00:00,105.23,55.91,52.72
2018-02-21 02:00:00,0.113,2018-02-21 02:00:00,104.01,54.74,51.59
2018-02-21 03:00:00,0.109,2018-02-21 03:00:00,103.29,54.06,50.93
2018-02-21 04:00:00,0.10800000000000001,2018-02-21 04:00:00,105.61,56.37,53.16
2018-02-21 05:00:00,0.16399999999999998,2018-02-21 05:00:00,112.79,63.51,60.26
2018-02-21 06:00:00,1.8319999999999999,2018-02-21 06:00:00,127.12,77.5,82.02
2018-02-21 07:00:00,1.7590000000000001,2018-02-21 07:00:00,126.08,77.07,81.06
2018-02-21 08:00:00,0.11599999999999999,2018-02-21 08:00:00,124.6,75.94,79.64
2018-02-21 09:00:00,0.10099999999999999,2018-02-21 09:00:00,118.67,70.33,73.65
2018-02-21 10:00:00,0.098,2018-02-21 10:00:00,112.0,63.86,66.96
2018-02-21 11:00:00,0.132,2018-02-21 11:00:00,109.46,128.07,64.44
2018-02-21 12:00:00,0.314,2018-02-21 12:00:00,107.88,126.48,126.48
2018-02-21 13:00:00,0.311,2018-02-21 13:00:00,106.52,125.16,125.16
2018-02-21 14:00:00,0.622,2018-02-21 14:00:00,107.47,126.12,126.12
2018-02-21 15:00:00,0.9420000000000001,2018-02-21 15:00:00,109.75,128.36,128.36
2018-02-21 16:00:00,1.379,2018-02-21 16:00:00,118.5,137.23,137.23
2018-02-21 17:00:00,0.426,2018-02-21 17:00:00,122.6,141.3,141.3
2018-02-21 18:00:00,0.302,2018-02-21 18:00:00,124.92,143.7,143.7
2018-02-21 19:00:00,0.354,2018-02-21 19:00:00,125.72,144.57,144.57
2018-02-21 20:00:00,0.22899999999999998,2018-02-21 20:00:00,126.87,145.79,145.79
2018-02-21 21:00:00,1.021,2018-02-21 21:00:00,122.56,73.0,141.5
2018-02-21 22:00:00,1.87,2018-02-21 22:00:00,115.04,65.84,69.86
2018-02-21 23:00:00,2.463,2018-02-21 23:00:00,113.25,63.83,68.04
2018-02-22 00:00:00,0.614,2018-02-22 00:00:00,110.56,61.1,57.84
2018-02-22 01:00:00,0.485,2018-02-22 01:00:00,109.38,59.96,56.65
2018-02-22 02:00:00,0.429,2018-02-22 02:00:00,109.75,60.27,56.94
2018-02-22 03:00:00,0.405,2018-02-22 03:00:00,109.65,60.17,56.8
2018-02-22 04:00:00,0.4,2018-02-22 04:00:00,109.7,60.32,57.04
2018-02-22 05:00:00,0.41600000000000004,2018-02-22 05:00:00,117.34,67.87,64.5
2018-02-22 06:00:00,0.4970000000000001,2018-02-22 06:00:00,126.84,77.17,81.68
2018-02-22 07:00:00,0.698,2018-02-22 07:00:00,126.19,77.18,81.17
2018-02-22 08:00:00,0.8440000000000001,2018-02-22 08:00:00,123.94,75.29,78.97
2018-02-22 09:00:00,0.9209999999999999,2018-02-22 09:00:00,122.21,73.69,77.18
2018-02-22 10:00:00,0.991,2018-02-22 10:00:00,122.2,73.67,77.23
2018-02-22 11:00:00,0.996,2018-02-22 11:00:00,119.27,137.95,74.24
2018-02-22 12:00:00,1.006,2018-02-22 12:00:00,116.82,135.53,135.53
2018-02-22 13:00:00,1.023,2018-02-22 13:00:00,112.74,131.48,131.48
2018-02-22 14:00:00,0.976,2018-02-22 14:00:00,110.74,129.41,129.41
2018-02-22 15:00:00,0.927,2018-02-22 15:00:00,113.01,131.76,131.76
2018-02-22 16:00:00,0.924,2018-02-22 16:00:00,120.48,139.23,139.23
2018-02-22 17:00:00,0.966,2018-02-22 17:00:00,124.27,143.05,143.05
2018-02-22 18:00:00,1.045,2018-02-22 18:00:00,126.62,145.49,145.49
2018-02-22 19:00:00,1.171,2018-02-22 19:00:00,127.21,146.08,146.08
2018-02-22 20:00:00,1.224,2018-02-22 20:00:00,128.42,147.35,147.35
2018-02-22 21:00:00,1.188,2018-02-22 21:00:00,127.21,77.39,146.19
2018-02-22 22:00:00,1.03,2018-02-22 22:00:00,124.11,74.41,78.96
2018-02-22 23:00:00,0.821,2018-02-22 23:00:00,117.35,67.69,72.15
2018-02-23 00:00:00,0.466,2018-02-23 00:00:00,115.17,65.49,62.05
2018-02-23 01:00:00,0.242,2018-02-23 01:00:00,113.38,63.73,60.29
2018-02-23 02:00:00,0.23800000000000002,2018-02-23 02:00:00,112.27,62.61,59.22
2018-02-23 03:00:00,0.29,2018-02-23 03:00:00,112.31,62.65,59.25
2018-02-23 04:00:00,0.214,2018-02-23 04:00:00,113.33,63.74,60.35
2018-02-23 05:00:00,0.106,2018-02-23 05:00:00,120.16,70.5,67.01
2018-02-23 06:00:00,1.646,2018-02-23 06:00:00,129.9,80.1,84.8
2018-02-23 07:00:00,1.065,2018-02-23 07:00:00,128.76,79.66,83.75
2018-02-23 08:00:00,0.209,2018-02-23 08:00:00,126.13,77.34,81.16
2018-02-23 09:00:00,0.336,2018-02-23 09:00:00,125.23,76.62,80.28
2018-02-23 10:00:00,0.804,2018-02-23 10:00:00,124.59,76.0,79.64
2018-02-23 11:00:00,0.57,2018-02-23 11:00:00,124.72,143.5,79.78
2018-02-23 12:00:00,0.317,2018-02-23 12:00:00,125.38,144.09,144.09
2018-02-23 13:00:00,0.319,2018-02-23 13:00:00,125.46,144.24,144.24
2018-02-23 14:00:00,0.851,2018-02-23 14:00:00,125.7,144.56,144.56
2018-02-23 15:00:00,1.423,2018-02-23 15:00:00,125.8,144.58,144.58
2018-02-23 16:00:00,1.329,2018-02-23 16:00:00,125.33,144.11,144.11
2018-02-23 17:00:00,1.0290000000000001,2018-02-23 17:00:00,126.51,145.3,145.3
2018-02-23 18:00:00,1.237,2018-02-23 18:00:00,130.43,149.25,149.25
2018-02-23 19:00:00,0.64,2018-02-23 19:00:00,131.03,149.92,149.92
2018-02-23 20:00:00,1.8869999999999998,2018-02-23 20:00:00,131.31,150.27,150.27
2018-02-23 21:00:00,2.059,2018-02-23 21:00:00,130.67,80.63,149.68
2018-02-23 22:00:00,1.685,2018-02-23 22:00:00,130.86,80.88,85.8
2018-02-23 23:00:00,1.0290000000000001,2018-02-23 23:00:00,132.07,81.61,86.92
2018-02-24 00:00:00,0.6579999999999999,2018-02-24 00:00:00,131.36,80.86,76.84
2018-02-24 01:00:00,0.5329999999999999,2018-02-24 01:00:00,129.04,78.53,74.58
2018-02-24 02:00:00,0.46,2018-02-24 02:00:00,125.72,75.24,71.41
2018-02-24 03:00:00,0.42100000000000004,2018-02-24 03:00:00,124.01,73.61,69.77
2018-02-24 04:00:00,0.405,2018-02-24 04:00:00,123.47,73.16,69.39
2018-02-24 05:00:00,0.406,2018-02-24 05:00:00,124.77,74.52,70.7
2018-02-24 06:00:00,0.4320000000000001,2018-02-24 06:00:00,127.61,77.3,82.49
2018-02-24 07:00:00,0.4920000000000001,2018-02-24 07:00:00,122.3,72.62,77.19
2018-02-24 08:00:00,0.625,2018-02-24 08:00:00,127.81,78.03,82.71
2018-02-24 09:00:00,0.81,2018-02-24 09:00:00,127.57,78.08,82.51
2018-02-24 10:00:00,0.9470000000000001,2018-02-24 10:00:00,128.06,78.56,82.95
2018-02-24 11:00:00,0.977,2018-02-24 11:00:00,127.5,146.36,82.41
2018-02-24 12:00:00,0.982,2018-02-24 12:00:00,127.26,146.12,146.12
2018-02-24 13:00:00,1.013,2018-02-24 13:00:00,127.69,146.61,146.61
2018-02-24 14:00:00,0.986,2018-02-24 14:00:00,127.17,146.16,146.16
2018-02-24 15:00:00,0.9009999999999999,2018-02-24 15:00:00,125.9,144.87,144.87
2018-02-24 16:00:00,0.848,2018-02-24 16:00:00,126.17,145.14,145.14
2018-02-24 17:00:00,0.836,2018-02-24 17:00:00,128.0,146.99,146.99
2018-02-24 18:00:00,0.889,2018-02-24 18:00:00,129.78,148.73,148.73
2018-02-24 19:00:00,0.971,2018-02-24 19:00:00,130.85,149.88,149.88
2018-02-24 20:00:00,1.0270000000000001,2018-02-24 20:00:00,131.08,150.1,150.1
2018-02-24 21:00:00,1.035,2018-02-24 21:00:00,132.12,81.81,151.28
2018-02-24 22:00:00,0.9359999999999999,2018-02-24 22:00:00,132.54,82.14,87.42
2018-02-24 23:00:00,0.8029999999999999,2018-02-24 23:00:00,134.13,83.44,88.96
2018-02-25 00:00:00,0.617,2018-02-25 00:00:00,132.94,82.17,78.05
2018-02-25 01:00:00,1.834,2018-02-25 01:00:00,131.38,80.55,76.43
2018-02-25 02:00:00,0.3670000000000001,2018-02-25 02:00:00,126.71,76.11,72.08
2018-02-25 03:00:00,0.365,2018-02-25 03:00:00,125.53,74.99,71.0
2018-02-25 04:00:00,0.413,2018-02-25 04:00:00,123.22,72.8,68.99
2018-02-25 05:00:00,0.377,2018-02-25 05:00:00,121.84,71.55,67.77
2018-02-25 06:00:00,0.33399999999999996,2018-02-25 06:00:00,125.85,75.42,80.67
2018-02-25 07:00:00,0.23399999999999999,2018-02-25 07:00:00,123.57,73.51,78.38
2018-02-25 08:00:00,0.282,2018-02-25 08:00:00,130.32,80.02,85.13
2018-02-25 09:00:00,0.7,2018-02-25 09:00:00,129.95,79.87,84.79
2018-02-25 10:00:00,0.733,2018-02-25 10:00:00,129.82,79.75,84.67
2018-02-25 11:00:00,2.517,2018-02-25 11:00:00,128.71,147.7,83.58
2018-02-25 12:00:00,3.094,2018-02-25 12:00:00,128.77,147.77,147.77
2018-02-25 13:00:00,3.319,2018-02-25 13:00:00,128.32,147.31,147.31
2018-02-25 14:00:00,3.818,2018-02-25 14:00:00,125.54,144.56,144.56
2018-02-25 15:00:00,0.647,2018-02-25 15:00:00,118.92,137.87,137.87
2018-02-25 16:00:00,2.349,2018-02-25 16:00:00,118.99,137.95,137.95
2018-02-25 17:00:00,1.614,2018-02-25 17:00:00,127.16,146.14,146.14
2018-02-25 18:00:00,0.83,2018-02-25 18:00:00,131.23,150.26,150.26
2018-02-25 19:00:00,1.515,2018-02-25 19:00:00,131.34,150.37,150.37
2018-02-25 20:00:00,0.883,2018-02-25 20:00:00,131.42,150.45,150.45
2018-02-25 21:00:00,1.36,2018-02-25 21:00:00,131.41,81.19,150.5
2018-02-25 22:00:00,1.479,2018-02-25 22:00:00,124.6,74.69,79.4
2018-02-25 23:00:00,1.268,2018-02-25 23:00:00,120.77,70.71,75.53
2018-02-26 00:00:00,0.601,2018-02-26 00:00:00,117.04,67.04,63.41
2018-02-26 01:00:00,0.48,2018-02-26 01:00:00,116.42,66.38,62.73
2018-02-26 02:00:00,0.42200000000000004,2018-02-26 02:00:00,113.75,63.8,60.23
2018-02-26 03:00:00,0.397,2018-02-26 03:00:00,114.31,64.33,60.75
2018-02-26 04:00:00,0.391,2018-02-26 04:00:00,115.85,65.97,62.42
2018-02-26 05:00:00,0.406,2018-02-26 05:00:00,123.48,73.62,70.04
2018-02-26 06:00:00,0.486,2018-02-26 06:00:00,131.58,81.79,86.51
2018-02-26 07:00:00,0.6759999999999999,2018-02-26 07:00:00,131.02,81.85,85.96
2018-02-26 08:00:00,0.82,2018-02-26 08:00:00,130.98,82.04,86.03
2018-02-26 09:00:00,0.905,2018-02-26 09:00:00,128.68,79.89,83.67
2018-02-26 10:00:00,0.98,2018-02-26 10:00:00,127.36,78.68,82.35
2018-02-26 11:00:00,0.99,2018-02-26 11:00:00,125.74,144.46,80.75
2018-02-26 12:00:00,0.9990000000000001,2018-02-26 12:00:00,125.89,144.68,144.68
2018-02-26 13:00:00,1.0170000000000001,2018-02-26 13:00:00,125.73,144.52,144.52
2018-02-26 14:00:00,0.9670000000000001,2018-02-26 14:00:00,125.56,144.35,144.35
2018-02-26 15:00:00,0.915,2018-02-26 15:00:00,124.19,142.97,142.97
2018-02-26 16:00:00,0.91,2018-02-26 16:00:00,126.13,144.86,144.86
2018-02-26 17:00:00,0.9490000000000001,2018-02-26 17:00:00,128.3,147.04,147.04
2018-02-26 18:00:00,1.023,2018-02-26 18:00:00,133.11,151.88,151.88
2018-02-26 19:00:00,1.149,2018-02-26 19:00:00,139.37,158.34,158.34
2018-02-26 20:00:00,1.203,2018-02-26 20:00:00,132.1,151.07,151.07
2018-02-26 21:00:00,1.171,2018-02-26 21:00:00,132.14,82.18,151.1
2018-02-26 22:00:00,1.012,2018-02-26 22:00:00,130.17,80.29,85.07
2018-02-26 23:00:00,0.804,2018-02-26 23:00:00,128.26,78.11,83.12
2018-02-27 00:00:00,0.5670000000000001,2018-02-27 00:00:00,124.13,73.98,70.28
2018-02-27 01:00:00,0.146,2018-02-27 01:00:00,118.89,68.97,65.33
2018-02-27 02:00:00,0.11900000000000001,2018-02-27 02:00:00,118.6,68.64,65.01
2018-02-27 03:00:00,0.14,2018-02-27 03:00:00,118.4,68.45,64.82
2018-02-27 04:00:00,0.16399999999999998,2018-02-27 04:00:00,118.65,68.81,65.22
2018-02-27 05:00:00,0.109,2018-02-27 05:00:00,124.5,74.66,71.04
2018-02-27 06:00:00,1.7619999999999998,2018-02-27 06:00:00,134.06,84.17,89.01
2018-02-27 07:00:00,0.753,2018-02-27 07:00:00,132.7,83.62,87.73
2018-02-27 08:00:00,0.14800000000000002,2018-02-27 08:00:00,136.96,87.91,91.98
2018-02-27 09:00:00,0.10099999999999999,2018-02-27 09:00:00,137.31,88.41,92.36
2018-02-27 10:00:00,0.094,2018-02-27 10:00:00,135.99,87.21,91.04
2018-02-27 11:00:00,0.11900000000000001,2018-02-27 11:00:00,136.7,155.42,91.69
2018-02-27 12:00:00,0.145,2018-02-27 12:00:00,136.16,154.95,154.95
2018-02-27 13:00:00,0.09300000000000001,2018-02-27 13:00:00,136.93,155.73,155.73
2018-02-27 14:00:00,0.09300000000000001,2018-02-27 14:00:00,131.65,150.48,150.48
2018-02-27 15:00:00,0.56,2018-02-27 15:00:00,135.51,154.38,154.38
2018-02-27 16:00:00,1.162,2018-02-27 16:00:00,132.53,151.3,151.3
2018-02-27 17:00:00,0.442,2018-02-27 17:00:00,130.23,148.99,148.99
2018-02-27 18:00:00,0.222,2018-02-27 18:00:00,140.09,158.99,158.99
2018-02-27 19:00:00,0.324,2018-02-27 19:00:00,143.91,162.83,162.83
2018-02-27 20:00:00,1.107,2018-02-27 20:00:00,143.09,162.17,162.17
2018-02-27 21:00:00,1.1340000000000001,2018-02-27 21:00:00,137.03,86.95,156.12
2018-02-27 22:00:00,1.36,2018-02-27 22:00:00,132.33,82.37,87.25
2018-02-27 23:00:00,2.0540000000000003,2018-02-27 23:00:00,132.61,82.2,87.41
2018-02-28 00:00:00,1.347,2018-02-28 00:00:00,130.89,80.42,76.53
2018-02-28 01:00:00,0.243,2018-02-28 01:00:00,121.36,71.27,67.61
2018-02-28 02:00:00,0.24100000000000002,2018-02-28 02:00:00,118.55,68.6,65.02
2018-02-28 03:00:00,0.27699999999999997,2018-02-28 03:00:00,116.26,66.42,62.9
2018-02-28 04:00:00,0.21100000000000002,2018-02-28 04:00:00,116.35,66.62,63.09
2018-02-28 05:00:00,0.105,2018-02-28 05:00:00,116.95,67.49,64.13
2018-02-28 06:00:00,1.607,2018-02-28 06:00:00,129.31,79.61,84.22
2018-02-28 07:00:00,0.782,2018-02-28 07:00:00,129.16,80.05,84.16
2018-02-28 08:00:00,0.125,2018-02-28 08:00:00,128.65,79.85,83.7
2018-02-28 09:00:00,0.16899999999999998,2018-02-28 09:00:00,127.59,78.98,82.6
2018-02-28 10:00:00,0.977,2018-02-28 10:00:00,126.45,77.88,81.46
2018-02-28 11:00:00,1.2329999999999999,2018-02-28 11:00:00,126.65,145.38,81.69
2018-02-28 12:00:00,1.262,2018-02-28 12:00:00,126.71,145.44,145.44
2018-02-28 13:00:00,0.757,2018-02-28 13:00:00,125.71,144.5,144.5
2018-02-28 14:00:00,0.935,2018-02-28 14:00:00,124.81,143.59,143.59
2018-02-28 15:00:00,1.365,2018-02-28 15:00:00,123.77,142.48,142.48
2018-02-28 16:00:00,1.79,2018-02-28 16:00:00,120.24,138.99,138.99
2018-02-28 17:00:00,1.005,2018-02-28 17:00:00,120.88,139.56,139.56
2018-02-28 18:00:00,0.426,2018-02-28 18:00:00,127.16,145.96,145.96
2018-02-28 19:00:00,0.368,2018-02-28 19:00:00,130.62,149.51,149.51
2018-02-28 20:00:00,0.725,2018-02-28 20:00:00,131.01,149.97,149.97
2018-02-28 21:00:00,1.012,2018-02-28 21:00:00,129.48,79.63,148.49
2018-02-28 22:00:00,1.075,2018-02-28 22:00:00,116.99,67.71,71.83
2018-02-28 23:00:00,0.815,2018-02-28 23:00:00,117.33,67.98,72.17
2018-03-01 00:00:00,1.358,2018-03-01 00:00:00,112.27,63.07,59.83
2018-03-01 01:00:00,0.748,2018-03-01 01:00:00,110.89,61.69,58.45
2018-03-01 02:00:00,0.314,2018-03-01 02:00:00,110.99,61.78,58.54
2018-03-01 03:00:00,0.293,2018-03-01 03:00:00,110.69,61.44,58.26
2018-03-01 04:00:00,0.284,2018-03-01 04:00:00,111.58,62.4,59.19
2018-03-01 05:00:00,0.243,2018-03-01 05:00:00,111.19,62.27,59.19
2018-03-01 06:00:00,1.071,2018-03-01 06:00:00,125.51,76.17,80.41
2018-03-01 07:00:00,0.5660000000000001,2018-03-01 07:00:00,129.5,80.61,84.54
2018-03-01 08:00:00,1.794,2018-03-01 08:00:00,131.22,82.51,86.26
2018-03-01 09:00:00,1.159,2018-03-01 09:00:00,130.21,81.76,85.27
2018-03-01 10:00:00,0.22399999999999998,2018-03-01 10:00:00,125.33,77.02,80.39
2018-03-01 11:00:00,0.32899999999999996,2018-03-01 11:00:00,122.4,141.1,77.45
2018-03-01 12:00:00,1.59,2018-03-01 12:00:00,119.43,138.11,138.11
2018-03-01 13:00:00,1.861,2018-03-01 13:00:00,116.51,135.17,135.17
2018-03-01 14:00:00,1.6440000000000001,2018-03-01 14:00:00,112.81,131.44,131.44
2018-03-01 15:00:00,0.643,2018-03-01 15:00:00,107.54,126.19,126.19
2018-03-01 16:00:00,1.2919999999999998,2018-03-01 16:00:00,108.4,127.0,127.0
2018-03-01 17:00:00,0.619,2018-03-01 17:00:00,108.59,127.13,127.13
2018-03-01 18:00:00,0.568,2018-03-01 18:00:00,118.7,137.31,137.31
2018-03-01 19:00:00,0.6459999999999999,2018-03-01 19:00:00,122.94,141.71,141.71
2018-03-01 20:00:00,0.8109999999999999,2018-03-01 20:00:00,123.48,142.25,142.25
2018-03-01 21:00:00,0.899,2018-03-01 21:00:00,119.62,70.43,138.47
2018-03-01 22:00:00,2.015,2018-03-01 22:00:00,111.09,62.23,65.95
2018-03-01 23:00:00,1.599,2018-03-01 23:00:00,102.71,53.92,57.47
2018-03-02 00:00:00,0.59,2018-03-02 00:00:00,102.07,53.29,50.33
2018-03-02 01:00:00,0.475,2018-03-02 01:00:00,101.56,52.71,49.77
2018-03-02 02:00:00,0.41700000000000004,2018-03-02 02:00:00,101.83,52.97,50.02
2018-03-02 03:00:00,0.39299999999999996,2018-03-02 03:00:00,104.99,56.04,53.0
2018-03-02 04:00:00,0.386,2018-03-02 04:00:00,108.2,59.18,56.1
2018-03-02 05:00:00,0.401,2018-03-02 05:00:00,116.85,67.71,64.55
2018-03-02 06:00:00,0.47600000000000003,2018-03-02 06:00:00,124.22,75.0,79.19
2018-03-02 07:00:00,0.6459999999999999,2018-03-02 07:00:00,128.39,79.53,83.37
2018-03-02 08:00:00,0.7829999999999999,2018-03-02 08:00:00,130.96,82.33,86.0
2018-03-02 09:00:00,0.858,2018-03-02 09:00:00,130.33,81.8,85.39
2018-03-02 10:00:00,0.914,2018-03-02 10:00:00,129.31,80.82,84.37
2018-03-02 11:00:00,0.92,2018-03-02 11:00:00,128.13,146.88,83.19
2018-03-02 12:00:00,0.93,2018-03-02 12:00:00,126.6,145.33,145.33
2018-03-02 13:00:00,0.95,2018-03-02 13:00:00,122.75,141.45,141.45
2018-03-02 14:00:00,0.914,2018-03-02 14:00:00,120.11,138.79,138.79
2018-03-02 15:00:00,0.867,2018-03-02 15:00:00,114.92,133.63,133.63
2018-03-02 16:00:00,0.851,2018-03-02 16:00:00,109.8,128.41,128.41
2018-03-02 17:00:00,0.8740000000000001,2018-03-02 17:00:00,108.32,126.92,126.92
2018-03-02 18:00:00,0.902,2018-03-02 18:00:00,111.54,130.17,130.17
2018-03-02 19:00:00,0.99,2018-03-02 19:00:00,117.13,135.86,135.86
2018-03-02 20:00:00,1.06,2018-03-02 20:00:00,118.86,137.71,137.71
2018-03-02 21:00:00,1.056,2018-03-02 21:00:00,113.92,64.84,132.78
2018-03-02 22:00:00,0.9420000000000001,2018-03-02 22:00:00,107.26,58.33,62.05
2018-03-02 23:00:00,0.79,2018-03-02 23:00:00,110.14,60.86,64.87
2018-03-03 00:00:00,0.44,2018-03-03 00:00:00,109.86,60.53,57.28
2018-03-03 01:00:00,0.272,2018-03-03 01:00:00,106.12,56.91,53.78
2018-03-03 02:00:00,0.158,2018-03-03 02:00:00,105.11,55.9,52.75
2018-03-03 03:00:00,0.147,2018-03-03 03:00:00,104.81,55.61,52.47
2018-03-03 04:00:00,0.11,2018-03-03 04:00:00,104.61,55.47,52.33
2018-03-03 05:00:00,0.158,2018-03-03 05:00:00,106.31,57.1,53.95
2018-03-03 06:00:00,0.313,2018-03-03 06:00:00,107.47,58.31,62.23
2018-03-03 07:00:00,1.403,2018-03-03 07:00:00,107.51,58.63,62.33
2018-03-03 08:00:00,0.5479999999999999,2018-03-03 08:00:00,113.18,64.25,68.02
2018-03-03 09:00:00,0.195,2018-03-03 09:00:00,113.69,64.93,68.57
2018-03-03 10:00:00,1.73,2018-03-03 10:00:00,111.42,62.73,66.29
2018-03-03 11:00:00,1.406,2018-03-03 11:00:00,108.79,127.55,63.67
2018-03-03 12:00:00,0.505,2018-03-03 12:00:00,107.45,126.2,126.2
2018-03-03 13:00:00,1.22,2018-03-03 13:00:00,106.41,125.15,125.15
2018-03-03 14:00:00,1.675,2018-03-03 14:00:00,105.65,124.37,124.37
2018-03-03 15:00:00,0.8490000000000001,2018-03-03 15:00:00,106.95,125.69,125.69
2018-03-03 16:00:00,1.5930000000000002,2018-03-03 16:00:00,110.71,129.49,129.49
2018-03-03 17:00:00,0.373,2018-03-03 17:00:00,118.97,137.82,137.82
2018-03-03 18:00:00,0.47200000000000003,2018-03-03 18:00:00,132.5,151.48,151.48
2018-03-03 19:00:00,0.625,2018-03-03 19:00:00,124.69,143.59,143.59
2018-03-03 20:00:00,0.616,2018-03-03 20:00:00,126.24,145.15,145.15
2018-03-03 21:00:00,0.8590000000000001,2018-03-03 21:00:00,120.76,71.07,139.73
2018-03-03 22:00:00,1.653,2018-03-03 22:00:00,119.73,70.03,74.57
2018-03-03 23:00:00,0.721,2018-03-03 23:00:00,120.95,70.94,75.73
2018-03-04 00:00:00,0.62,2018-03-04 00:00:00,116.19,66.34,62.83
2018-03-04 01:00:00,0.511,2018-03-04 01:00:00,112.31,62.54,59.1
2018-03-04 02:00:00,0.445,2018-03-04 02:00:00,109.23,59.61,56.27
2018-03-04 03:00:00,0.408,2018-03-04 03:00:00,107.97,58.46,55.15
2018-03-04 04:00:00,0.389,2018-03-04 04:00:00,108.67,59.18,55.85
2018-03-04 05:00:00,0.386,2018-03-04 05:00:00,109.47,59.89,56.54
2018-03-04 06:00:00,0.39799999999999996,2018-03-04 06:00:00,108.54,59.17,63.27
2018-03-04 07:00:00,0.433,2018-03-04 07:00:00,108.2,59.07,62.95
2018-03-04 08:00:00,0.522,2018-03-04 08:00:00,113.05,63.83,67.86
2018-03-04 09:00:00,0.662,2018-03-04 09:00:00,115.79,66.56,70.63
2018-03-04 10:00:00,0.777,2018-03-04 10:00:00,116.42,67.17,71.27
2018-03-04 11:00:00,0.8240000000000001,2018-03-04 11:00:00,116.53,135.36,71.35
2018-03-04 12:00:00,0.835,2018-03-04 12:00:00,115.12,133.99,133.99
2018-03-04 13:00:00,0.86,2018-03-04 13:00:00,111.83,130.67,130.67
2018-03-04 14:00:00,0.846,2018-03-04 14:00:00,105.5,124.27,124.27
2018-03-04 15:00:00,0.768,2018-03-04 15:00:00,104.25,123.01,123.01
2018-03-04 16:00:00,0.7190000000000001,2018-03-04 16:00:00,106.01,124.79,124.79
2018-03-04 17:00:00,0.71,2018-03-04 17:00:00,111.14,129.92,129.92
2018-03-04 18:00:00,0.75,2018-03-04 18:00:00,119.75,138.61,138.61
2018-03-04 19:00:00,0.867,2018-03-04 19:00:00,118.81,137.72,137.72
2018-03-04 20:00:00,0.983,2018-03-04 20:00:00,111.49,130.26,130.26
2018-03-04 21:00:00,0.9940000000000001,2018-03-04 21:00:00,113.14,63.79,132.04
2018-03-04 22:00:00,0.872,2018-03-04 22:00:00,108.23,59.2,63.05
2018-03-04 23:00:00,0.72,2018-03-04 23:00:00,107.63,58.4,62.38
2018-03-05 00:00:00,1.671,2018-03-05 00:00:00,105.69,56.45,53.29
2018-03-05 01:00:00,0.6579999999999999,2018-03-05 01:00:00,103.53,54.33,51.19
2018-03-05 02:00:00,0.35100000000000003,2018-03-05 02:00:00,101.94,52.82,49.73
2018-03-05 03:00:00,0.33899999999999997,2018-03-05 03:00:00,100.39,51.34,48.29
2018-03-05 04:00:00,0.324,2018-03-05 04:00:00,106.74,57.55,54.35
2018-03-05 05:00:00,0.278,2018-03-05 05:00:00,107.8,58.9,55.82
2018-03-05 06:00:00,1.558,2018-03-05 06:00:00,117.84,68.73,72.7
2018-03-05 07:00:00,1.228,2018-03-05 07:00:00,125.83,76.98,80.77
2018-03-05 08:00:00,0.297,2018-03-05 08:00:00,128.1,79.4,83.1
2018-03-05 09:00:00,0.366,2018-03-05 09:00:00,127.15,78.56,82.17
2018-03-05 10:00:00,0.409,2018-03-05 10:00:00,124.72,76.27,79.73
2018-03-05 11:00:00,0.40700000000000003,2018-03-05 11:00:00,120.46,139.14,75.46
2018-03-05 12:00:00,0.768,2018-03-05 12:00:00,118.42,137.09,137.09
2018-03-05 13:00:00,0.5539999999999999,2018-03-05 13:00:00,117.63,136.3,136.3
2018-03-05 14:00:00,0.677,2018-03-05 14:00:00,119.34,138.08,138.08
2018-03-05 15:00:00,1.881,2018-03-05 15:00:00,118.64,137.31,137.31
2018-03-05 16:00:00,1.2429999999999999,2018-03-05 16:00:00,118.16,136.83,136.83
2018-03-05 17:00:00,1.365,2018-03-05 17:00:00,124.12,142.84,142.84
2018-03-05 18:00:00,1.15,2018-03-05 18:00:00,131.28,150.03,150.03
2018-03-05 19:00:00,0.5770000000000001,2018-03-05 19:00:00,130.91,149.73,149.73
2018-03-05 20:00:00,0.528,2018-03-05 20:00:00,120.16,138.97,138.97
2018-03-05 21:00:00,2.188,2018-03-05 21:00:00,118.2,69.01,137.04
2018-03-05 22:00:00,1.6769999999999998,2018-03-05 22:00:00,115.6,66.5,70.47
2018-03-05 23:00:00,1.6869999999999998,2018-03-05 23:00:00,107.7,58.69,62.47
2018-03-06 00:00:00,0.593,2018-03-06 00:00:00,105.18,56.22,53.14
2018-03-06 01:00:00,0.474,2018-03-06 01:00:00,104.06,55.0,51.91
2018-03-06 02:00:00,0.419,2018-03-06 02:00:00,103.66,54.61,51.54
2018-03-06 03:00:00,0.395,2018-03-06 03:00:00,104.03,54.97,51.89
2018-03-06 04:00:00,0.389,2018-03-06 04:00:00,105.5,56.47,53.38
2018-03-06 05:00:00,0.40399999999999997,2018-03-06 05:00:00,105.94,57.17,54.18
2018-03-06 06:00:00,0.479,2018-03-06 06:00:00,119.26,70.15,74.18
2018-03-06 07:00:00,0.65,2018-03-06 07:00:00,127.05,78.16,82.06
2018-03-06 08:00:00,0.787,2018-03-06 08:00:00,124.9,76.3,79.89
2018-03-06 09:00:00,0.867,2018-03-06 09:00:00,124.12,75.69,79.14
2018-03-06 10:00:00,0.9259999999999999,2018-03-06 10:00:00,119.36,71.07,74.37
2018-03-06 11:00:00,0.934,2018-03-06 11:00:00,116.46,135.12,71.47
2018-03-06 12:00:00,0.946,2018-03-06 12:00:00,114.03,132.67,132.67
2018-03-06 13:00:00,0.963,2018-03-06 13:00:00,113.34,132.03,132.03
2018-03-06 14:00:00,0.919,2018-03-06 14:00:00,113.44,132.08,132.08
2018-03-06 15:00:00,0.863,2018-03-06 15:00:00,114.12,132.82,132.82
2018-03-06 16:00:00,0.8490000000000001,2018-03-06 16:00:00,119.53,138.2,138.2
2018-03-06 17:00:00,0.8740000000000001,2018-03-06 17:00:00,125.1,143.82,143.82
2018-03-06 18:00:00,0.9109999999999999,2018-03-06 18:00:00,131.25,150.01,150.01
2018-03-06 19:00:00,1.0190000000000001,2018-03-06 19:00:00,125.58,144.29,144.29
2018-03-06 20:00:00,1.117,2018-03-06 20:00:00,123.04,141.8,141.8
2018-03-06 21:00:00,1.111,2018-03-06 21:00:00,119.86,70.73,138.72
2018-03-06 22:00:00,0.9690000000000001,2018-03-06 22:00:00,115.54,66.51,70.38
2018-03-06 23:00:00,0.782,2018-03-06 23:00:00,109.01,59.94,63.77
2018-03-07 00:00:00,0.598,2018-03-07 00:00:00,106.9,57.82,54.69
2018-03-07 01:00:00,0.47700000000000004,2018-03-07 01:00:00,104.52,55.49,52.39
2018-03-07 02:00:00,0.42200000000000004,2018-03-07 02:00:00,104.6,55.51,52.41
2018-03-07 03:00:00,0.39799999999999996,2018-03-07 03:00:00,103.97,54.91,51.87
2018-03-07 04:00:00,0.392,2018-03-07 04:00:00,106.86,57.78,54.7
2018-03-07 05:00:00,0.40700000000000003,2018-03-07 05:00:00,113.99,64.9,61.76
2018-03-07 06:00:00,0.48200000000000004,2018-03-07 06:00:00,123.72,74.44,78.66
2018-03-07 07:00:00,0.655,2018-03-07 07:00:00,128.7,79.75,83.72
2018-03-07 08:00:00,0.7929999999999999,2018-03-07 08:00:00,125.41,76.87,80.42
2018-03-07 09:00:00,0.873,2018-03-07 09:00:00,120.54,72.35,75.56
2018-03-07 10:00:00,0.9329999999999999,2018-03-07 10:00:00,120.16,71.99,75.13
2018-03-07 11:00:00,0.941,2018-03-07 11:00:00,114.38,133.02,69.4
2018-03-07 12:00:00,0.953,2018-03-07 12:00:00,114.18,132.76,132.76
2018-03-07 13:00:00,0.97,2018-03-07 13:00:00,114.68,133.33,133.33
2018-03-07 14:00:00,0.9259999999999999,2018-03-07 14:00:00,115.01,133.66,133.66
2018-03-07 15:00:00,0.87,2018-03-07 15:00:00,114.26,132.9,132.9
2018-03-07 16:00:00,0.855,2018-03-07 16:00:00,117.21,135.87,135.87
2018-03-07 17:00:00,0.88,2018-03-07 17:00:00,127.48,146.14,146.14
2018-03-07 18:00:00,0.917,2018-03-07 18:00:00,132.0,150.7,150.7
2018-03-07 19:00:00,1.0270000000000001,2018-03-07 19:00:00,133.35,152.12,152.12
2018-03-07 20:00:00,1.125,2018-03-07 20:00:00,130.39,149.21,149.21
2018-03-07 21:00:00,1.12,2018-03-07 21:00:00,121.13,71.96,140.0
2018-03-07 22:00:00,0.977,2018-03-07 22:00:00,114.34,65.42,69.24
2018-03-07 23:00:00,0.7879999999999999,2018-03-07 23:00:00,108.41,59.43,63.2
